:020000040800F2
:10000000900D0020F90100084569000821570008FB
:100010003D670008F5350008BD72000800000000CB
:100020000000000000000000000000004969000816
:100030005336000800000000476900084B690008BB
:10004000130200081302000813020008130200083C
:10005000130200081302000813020008130200082C
:10006000130200081302000813020008130200081C
:10007000F9350008053600081302000813020008CD
:10008000113600081D36000813020008130200088C
:1000900013020008130200081302000813020008EC
:1000A000130200081302000813020008096B00087D
:1000B00013020008130200081302000813020008CC
:1000C00013020008130200081302000813020008BC
:1000D00013020008130200081971000825710008B6
:1000E00013020008130200081302000800F002F8CF
:1000F00000F073F80AA090E8000C82448344AAF14F
:100100000107DA4501D100F068F8AFF2090EBAE84C
:100110000F0013F0010F18BFFB1A43F0010318473B
:10012000A08F0000C08F00000A444FF0000C10F8B0
:10013000013B13F0070408BF10F8014B1D1108BF65
:1001400010F8015B641E05D010F8016B641E01F805
:10015000016BF9D113F0080F1EBF10F8014BAD1C55
:100160000C1B09D16D1E58BF01F801CBFAD505E073
:1001700014F8016B01F8016B6D1EF9D59142D6D3CD
:10018000704700000023002400250026103A28BFF5
:1001900078C1FBD8520728BF30C148BF0B607047F9
:1001A000662908F0F585642900F09E80732900F027
:1001B0004A85002070471FB501F092F80400002026
:1001C000002107F0D1FC401C60600020002107F0F6
:1001D000B5FCE0601FBD10B510BD01F08FFB1146EE
:1001E000FFF7E9FF07F000FB01F0E6FD03B4FFF7BE
:1001F000F2FF03BC01F0FCFD0948804709480047B5
:10020000FEE7FEE7FEE7FEE7FEE7FEE7FEE7FEE7C6
:10021000FEE7FEE704480549054A064B7047000023
:10022000AD690008ED00000890070020900D002047
:1002300090090020900900200FB41CB5074B06AAB6
:100240007B4469460090059800F0CBFC002069468D
:1002500000F0DAFC1CBC5DF814FB0000C5090000CE
:100260000FB41CB50C0007AA009001D02044401E1A
:10027000074B7B4469460190069800F0B2FC002CC5
:1002800003D06946002000F0BFFC1CBC5DF814FBE5
:100290009D09000070B50C460546012A05D0287856
:1002A000800600D5EA69002302E0012305E05B1C1B
:1002B000934202D2E05C0028F9D1A869E618C01A7E
:1002C000A861286A184428622846AFF3008004E039
:1002D000D5E9012114F8010B9047B442F8D3284620
:1002E000AFF3008070BD00002DE9F0410646002408
:1002F00010687529314616A510D0AFF3008000288C
:1003000002DA404213A507E031688A0701D512A539
:1003100002E0490704D511A5012401E0AFF30080F4
:1003200000210A2206F1240709E0B0FBF2FCB0FB31
:10033000F2F302FB1C00303078541846491C0028A8
:10034000F3D123462A463046BDE8F04100F0DBB940
:10035000000000002D0000002B0000002000000025
:100360002DE9F0474FF0000A89460446C0F820A066
:100370002046E1688847002876D0252806D0D4E9B1
:1003800001219047206A401C2062F1E7E168204685
:1003900000258847C4F81CA006460027C4F818A00A
:1003A0002A2E09D0304607F04AF838B304EB870804
:1003B000303EC8F8186019E059F8041B204604EBD9
:1003C00087029161E1688847012F064618D1E069EC
:1003D000002820DA25F020051DE0D8F8180000EBF1
:1003E000800006EB40003038C8F818002046E1686D
:1003F0008847064607F023F80028EED1012F0AD0DF
:100400002E2E08D12046E16888477F1C0646022F21
:1004100045F02005C4DBA069002803DA404245F01E
:100420000105A061E80701D025F01005B6B1A6F1DD
:100430004100192802D8203645F400654A46314665
:10044000204625604D46FFF7ABFE58B1012806D087
:10045000ED1D25F0070000F1080989E704E005F12A
:10046000040985E730468AE7206ABDE8F087000086
:100470000FB400B58DB010A9099000910B904FF00A
:10048000FF300A9000200C900648784406900648F9
:1004900078446A4607900F9909A800F05BFE0DB0FA
:1004A0005DF814FBE70C0000FF0C000070B5064679
:1004B00000F01AF90468054630460A22002100F0CF
:1004C000CBFE2C6070BD401ECAB210F8011F8A42DC
:1004D00002D00029F9D10020704710B5431C02E07A
:1004E00010F8011B71B18107FAD14FF0013202C837
:1004F0008C1A8C4314EAC211F9D0C01A0A0603D030
:10050000C01E10BDC01A10BD0A0401D0801E10BD4F
:100510000902FCD0401E10BD40EA010370B59B07E4
:100520002ED14FF00136042A2AD308C810C99D1BCA
:100530009D43121F15EAC61517D0D8B2E1B2401A72
:1005400050EA056110D198B2A1B2401A50EA0541B3
:100550000AD123F07F4024F07F41401A50EA052160
:1005600002D1180EA0EB146070BDA342DBD018BA04
:1005700021BA884201D9012070BD4FF0FF3070BD13
:100580000AB9002070BD10F8013B11F8014B63B1AE
:10059000A3420AD1521E08D010F8013B11F8014BBA
:1005A0001BB1A34201D1521EEDD1181B70BD10B575
:1005B000203AC0F00B80B1E81850203AA0E818505B
:1005C000B1E81850A0E81850BFF4F5AF5FEA027C1C
:1005D00024BFB1E81850A0E8185044BF18C918C08B
:1005E000BDE810405FEA827C24BF51F8043B40F82C
:1005F000043B08BF7047D20728BF31F8023B48BF11
:1006000011F8012B28BF20F8023B48BF00F8012B4E
:1006100070474FF0000200B51346944696462039C5
:1006200022BFA0E80C50A0E80C50B1F12001BFF4AB
:10063000F7AF090728BFA0E80C5048BF0CC05DF811
:1006400004EB890028BF40F8042B08BF704748BF5F
:1006500020F8022B11F0804F18BF00F8012B7047D3
:100660004FF0013C50F8042B51F8043B9A4221D141
:10067000A2EB0C03934313EACC1317D150F8042BCD
:1006800051F8043B9A4215D1A2EB0C03934313EAB1
:10069000CC130BD150F8042B51F8043B9A4209D1EA
:1006A000A2EB0C03934313EACC13DBD04FF0000012
:1006B000704700BFD01A01BAB1FA81F101F01801F8
:1006C00022FA01F0CB40C1F12001DBB2C0B2C01A66
:1006D0002CFA01F3D11A914311EAC311E6D1704704
:1006E0007047704770470000004870472C07002093
:1006F00010B5FFF7F9FF006810BD10B50446FFF70D
:10070000F3FF046010BD2DE9F0470D46994692466F
:10071000044600F124080168880604D5E06921F048
:100720001001216000E00120A84201DD471B00E02C
:100730000027A1697A1902EB0900081AA061207844
:10074000C00602D42046AFF30080002608E0D4E9BA
:1007500001211AF806009047206A401C761C20628E
:100760004E45F4DB2078C0060AD52046AFF3008062
:1007700006E0D4E9012130209047206A401C206225
:10078000381EA7F10107F4DC07E0D4E9012118F8CD
:1007900005009047206A401C2062281EA5F1010533
:1007A000F3DC2046AFF300802078000602D502205B
:1007B000BDE8F0870120FBE770472DE9FF4F0C46AD
:1007C0001E464FF0FF378BB0D2E90001DDF86080A4
:1007D0000A908A46C1F30A5505B93D4600210846EC
:1007E0004FF00000BAF1000F00F4400005DA00EB12
:1007F00080004FF4400101EA50004FEA9059B9F1EE
:10080000010F00DDB9460A9850EA4A000ED044F6BE
:100810001050A5F2FF3545432F14B8F1000F1ED03C
:100820007542291E1EDDC9F100021CE0B8F1010F5E
:100830004FF0000001D0302103E0F24305E02154E5
:10084000401CB042FBDB30460022002121540B99B2
:10085000C1F80880C1E900200FB0BDE8F08FBD1BD2
:100860006D1CDEE74A4600DA694206A800F0D4FFB4
:1008700006AB93E8070003AB83E8070050460A99EC
:1008800001F0BDFA8DE80700A0F500501F38009078
:100890000398002D0ADD42F21F014A460844002356
:1008A00003A90390684601F069FD09E0A0F5005036
:1008B0004A461F38002303A90390684601F088FDCB
:1008C0008DE807000004000C03D04FF0FF30410812
:1008D00000E01046B8F1000F03D000220092154648
:1008E0001EE0751E05D400F0FFFC303262556D1E0F
:1008F000F9D5B3460122084302D000227F1C04E050
:100900002078302801D100227F1E002A099784D048
:100910001DE0112D07DA00F0E7FC303262556D1C46
:1009200050EA0102F5D1084302D00098C8B10EE0A8
:100930000021681E05E0235C625C63542254401E63
:10094000491C8142F7DBAB46A81B401E09900020E2
:1009500004F80B000B98099AC0F80880C0E9002B36
:100960007AE711264FF0000857E72DE9F04F884647
:100970000446D21D22F0070191B0D1E90001CDE972
:100980000A0106F09CFC02460B98C00F01D02D20F6
:1009900007E02068810701D52B2002E0202101EA31
:1009A000C000032A099001D0072A05DB034641460F
:1009B000204600F0E7FC0BE12078800601D5E069D5
:1009C00000E00620B8F1650F814606D0B8F1660F49
:1009D00018D0B8F1670F70D131E00020B9F1110FD4
:1009E000009001DB112301E009F101030AAA01A92A
:1009F0000CA8FFF7E2FEDDE90C70002609F1010505
:100A0000834647E001204B4600904FF000470AAA7A
:100A100001A90CA8FFF7D1FEDDE90DB00C995D46E8
:100A2000002610B909F101000D18B9EB050003D437
:100A3000C0F1FF3609F10105A5EB09002BE0B9F182
:100A4000010F01DA4FF001090020B9F1110F0090F8
:100A5000484601DD112300E003460AAA01A90CA8BB
:100A6000FFF7ABFEDDE90C704D460026834620788B
:100A700000070AD4AB4500DA5D4601A8012D04DD6C
:100A8000411911F8011C302907D04F4502DA17F13E
:100A9000040F04DA012082460FE06D1EEEE7002FFE
:100AA00002DCED1B3E4403E0781CA84200DD7D1C07
:100AB000B81B00F1010A4FF000472078000703D46B
:100AC000AA4501DB4FF0FF3A0021B7F1004F0DF1CD
:100AD00043088DF8431024D002202B23002F01DA85
:100AE0007F422D230A21021EA0F1010000DC5FB12C
:100AF00097FBF1FC97FBF1F201FB1C7C17460CF114
:100B0000300C08F801CDEEE7A8F101000370218850
:100B1000090501D5452100E06521A0F1010800F893
:100B2000011C09980FA9A1EB0807FF1D00B10120C6
:100B3000411901EBEA70A1693844081A401EA0610E
:100B40002078C00602D42046AFF30080099828B16F
:100B5000D4E901219047206A401C20622078C00619
:100B600022D52046AFF300801EE0002E04DBB34503
:100B700002DD01A8805D00E03020D4E9012190472A
:100B8000206A401C2062761CAAF101005FEA000A7C
:100B90000AD100F0A5FBC0680168405CD4E90121DE
:100BA0009047206A401C2062281EA5F10105DCDC6C
:100BB00007E0D4E9012118F8010B9047206A401C96
:100BC0002062381EA7F10107F3DC2046AFF3008056
:100BD000032011B041E6000001694A1C0261087857
:100BE000704700B58FB0CDE901310021059105496D
:100BF0007944CDE9031011466846FFF7B1FB0FB009
:100C000000BD0000E5FFFFFF0A6802F8010B0A6063
:100C10007047D1E900239A4202D2531C0B60107036
:100C2000704710B5436913B1AFF3008001E0FFF7DF
:100C300031FB012010BD127800F124010A7000225E
:100C40004A700122EDE711684FF0FF32E9E700003A
:100C50002DE9FF4F06468BB00878FF2806D0491CC7
:100C60002D2805D000244FF0000908E000200CE0FA
:100C70000124F8E709EB8903491C00EB43090878D4
:100C8000FF28F7D114B1C9F1000081461078002582
:100C90002C46AA4629462D2801D02B2804D1521CC7
:100CA0002D2813D0002082468B461078FF280FD0C5
:100CB0004FF0000C0A21521CA5FB017804FB0181B6
:100CC00005FB0C11C5194BEB0104EEE70120EAE727
:100CD000002108464FF00000BAF1000F02D000EBEF
:100CE00080004008C0F38157012F01DD4FF0FF372E
:100CF0000E9955EA040009EB01080BD04FF00209E8
:100D000018F5FA7F16DA4FEACA70002F706008DD16
:100D1000012007E04FEACA70C6E900B00FB0BDE895
:100D2000F08F00203060FFF7DFFCC0F80090182142
:100D3000084616E0B8F5FA7F18DD002F02DAF7480A
:100D4000784401E0F6487844D0E90010C6E9001084
:100D500040EACA707060FFF7C7FCC0F80090142129
:100D600008460FB0BDE8F04F08F00FB80021084664
:100D70004FF00000B8F10001099002DAC7F100025B
:100D800000E03A4601DAC8F1000106A800F044FD8F
:100D900006AB93E8070003AB83E8070044F23E008C
:100DA0005BEA04010090584604D144F21E012C462F
:100DB0005D460091210C0904014306D100992404E9
:100DC00044EA15442D041039009104F07F41014399
:100DD00006D10099240244EA15642D0208390091D5
:100DE00004F07041014306D10099240144EA1574CE
:100DF0002D01091F009104F04041014306D10099E3
:100E0000A40044EA9574AD00891E009104F00041ED
:100E1000084304D100986D196441401E00904FF0C2
:100E200001033A466846B8F1000FCDE9014503A930
:100E300002DD01F0E2FA01E001F0B5FABAF1000FCB
:100E400004460D4601D084F00044002108464FF0CE
:100E50000000099940F2FF77484010F00C0F07D1CD
:100E600024F00040284303D0C4F30A50B84212D102
:100E7000FFF73AFCC0F80090C4F30A50B8420AD118
:100E8000A8487844D0E90010C6E9001004F00041F9
:100E90000843706042E7C6E900543FE72DE9FF4F81
:100EA0001F464FF0000A4FF0FF38454691B0D7E992
:100EB0000146CDF83CA000F013FAC0680168405C20
:100EC0001090B96912986D1C8847396A8146884725
:100ED0000028F6D1B9F1FF3F0AD0002E24F4D064E7
:100EE00011DDB9F12B0F08D0B9F12D0F0BD102E0B4
:100EF000404615B013E744F48064B96912986D1C3C
:100F00008847761E8146600504A901D52D2000E0A2
:100F10002B20002E01F1010B0DF130088DF810008F
:100F20003FDDB9F1690F08D0B9F1490F05D0B9F12A
:100F30006E0F02D0B9F14E0F1CD13B4601A80095AF
:100F400080E85002DDE912126FF0020007F0ACFFFA
:100F5000C11CCED10EE0B96912986D1C884781463C
:100F60001398761E44F4007405600F98401C002E00
:100F70000F9016DDB9F1300FEDD0B9F1780F02D036
:100F8000B9F1580F0DD10F9801280AD13B46CDE990
:100F90000054DDE91212001F029607F083FFC11C06
:100FA000A7D1109989453ED144F0800406E01399F9
:100FB000681CAAF1010A44F400740860B9696D1C48
:100FC0001298761E884730288146F0D02BE0109981
:100FD000894505D1200603D4761E44F0800418E02C
:100FE000484606F02CFA08B3761E0DF123018B4516
:100FF00044F4007408D2A9F130000BF8010B20066C
:1010000007D5AAF1010003E0200602D40AF101008D
:101010008246A00502D51399681C0860B969129828
:101020006D1C88478146002ED1DC53E0002E51DD37
:10103000B9F1650F02D0B9F1450F4BD1A00549D5E3
:10104000B9696D1C1298761E24F440748847002EEE
:1010500081460CDD2B2804D0B9F12D0F07D144F4C3
:101060008074B96912986D1C8847761E8146E00528
:1010700001D52D2100E02B2108F8011BCDF80080BF
:1010800021E0761E0DF13901884544F400740CD23C
:10109000A9F1300010F0FF0088F8000002D100999B
:1010A000884509D908F1010806E0E00501D51E4888
:1010B00001E042F20F708246B96912986D1C8847B0
:1010C000814613980560002E04DD484606F0B7F906
:1010D0000028D6D1F96912988847FF2053468BF82B
:1010E000000088F8000000200A900B9004AA0CA9C8
:1010F0000AA8FFF7ADFDA00502D46FF00100F8E6E5
:1011000014F0240F12D0E0071CD13868DDE90A1270
:10111000031D3B600068C0E9001213E0A4830000D7
:10112000968300005A820000F1D8FFFF0AA96846A2
:1011300006F013F9E00705D13868009A011D3960FF
:10114000006802602846D4E6026811441378016002
:1011500018467047D1600549794451610449794482
:10116000116200211161114600F04CB9EDFFFFFF43
:1011700011020000426842B1016811F8013B23B13D
:10118000521EC0E90012184670470121C160881E36
:10119000704742685AB1C368016843B983688B429B
:1011A00005D0491E521CC0E90012002070474FF0C4
:1011B000FF3070470FB4002300B589B00CA900912F
:1011C0000B99CB60214B7B440693214B7B440793C7
:1011D00004236FF00042CDE901321E4A7A446B4687
:1011E00008920246002007F05BFE09B05DF814FB90
:1011F00070B506464FF0FF3015460C46324686B0B5
:101200000091CDE9010169460020049004A8FFF790
:10121000D1FF02460498211825B108B1084600E024
:1012200020462860049800280DD0002A02DD00988E
:10123000884208D03246081B69460094CDE9010473
:1012400004A8FFF7B7FF06B070BD0000ABFFFFFFBB
:10125000C3FFFFFF930100002DE9F04791460F46C1
:1012600080460446002614F8015B2DB100F030F8EA
:101270000068405DC007F6D12B2D02D02D2D18D06F
:10128000641E4A463946204600F076FA27B139688E
:10129000A14201D1C7F800804FF0020471050BD5BF
:1012A0004042002803DDFFF71FFA0460A007BDE8F5
:1012B000F08746F48066E4E70028F8DAFFF714FACE
:1012C00004606FF00040F2E7004870472C070020F0
:1012D00010B500F005F8001D10BD00BF8D680000BE
:1012E000004870474C07002030B5B0F10A024FEAC1
:1012F000900E71F100034EEA817EB0EB0E0061EBBF
:1013000091014FEA101E4EEA017E10EB0E0041EBF8
:1013100011114FEA102E4EEA016E10EB0E0041EB58
:1013200011214FEA104E4EEA014E10EB0E0041EB38
:101330001141401841F100014FEAD00040EA4170EC
:101340004FEAD10110EB80054FEA810444EA907422
:1013500044EB01046D1944EB0404521BA3414FF00C
:10136000000348BF0A3200D530BD401C41F10001E6
:1013700030BD10B50446FFF7ABFF0068005D00F01C
:10138000010010BD2DE9F0411F4604460326016807
:10139000072A01F4006004DB08B116A505E016A5D4
:1013A00003E008B115A500E015A521F010002060AC
:1013B000A069C01EA0610FB1401EA0612046AFF31E
:1013C00000804FB1D4E9012138469047206A401C83
:1013D0002062C01C206206E0206AFAE7D4E90121FD
:1013E00015F8010B9047761EF8D22046AFF3008027
:1013F000BDE8F0814E414E006E616E00494E4600E0
:10140000696E66002DE9F34F4FF0000A0C46564610
:101410008DB001200C9001F10C000B9062690B98CB
:1014200001219047051E2DD0252D2CD0216A8847FB
:10143000C0B162690B9801219047216A8847002852
:10144000F7D16269411E0B98904700E0761CA169B4
:101450000D988847216A88470028F7D1E1690D98DF
:101460008847DBE7A1690D988847A842074601D164
:10147000761CD3E7E1690D9888477F1C02D1BAF149
:10148000000F6FD06CE162690B9800273D4639462A
:1014900090472A2804D162690B98012190470125C1
:1014A000DFF8D08262690B9801219047A0F13001EA
:1014B0000A290AD24745E5DC07EB870100EB410723
:1014C000303FDFD445F01005ECE7E90601D46FF0BA
:1014D00000476C280AD04C2814D0682815D06A28F8
:1014E0000DD074281CD07A281AD01DE062690B98A0
:1014F000012190476C2802D045F0040514E045F026
:1015000002050DE045F020050AE062690B98012113
:101510009047682802D045F0080505E045F40065CD
:1015200062690B9801219047C4E9015765283DD0B5
:1015300019DC58287AD00CDC452837D004DC252863
:1015400026D041289ED131E046282FD0472899D176
:101550002CE05B2877D0612828D063287CD06428D1
:1015600023D15AE0F7E06F2848D008DC66281DD068
:1015700067281BD0692821D06E2816D127E0702853
:1015800045D0732868D0752847D078280DD14DE014
:10159000A1690D988847252805463FF469AFE169A0
:1015A0000D9888476D1C3FF46AAFD9E00D9923462A
:1015B0006A466FF0010007F073FCC6E045F040009A
:1015C00023464FF000026060A80736D43EE0E807EB
:1015D0007FF447AF2068011D21600068290501D50F
:1015E00006701BE7290701D5068017E7A90703D571
:1015F000F117C0E9006111E706600FE745F0400010
:1016000023464FF008026060A80716D41EE040F69B
:101610000E0125EA0100606016E045F04000234617
:101620004FF00A026060A80707D40FE045F04000C1
:101630006060A80708D5234610220D996FF00100BD
:10164000AFF3008081E007E0102223460D996FF090
:101650000100AFF3008078E04FF0000963284F46A7
:10166000C8464B46CB4602D05B2807D039E02079EC
:10167000C00601D40120A060012732E06269D4F8DD
:101680000CB00B98012190475E2807D14FF001095B
:1016900049466269D4F80CB00B989047216939B972
:1016A00000210A4603AB43F82120491C0829FADB34
:1016B000D8B3216949B308F1010862690B98012187
:1016C00090475D28F4D1B9F1000F09D0002003A99B
:1016D00051F82020D24341F82020401C0828F7DB95
:1016E00003AB2069002820794FEA40701ED05B468A
:1016F0002246CDF80080CDE901970D9900286FF0C2
:10170000010020DAAFF300801FE0C11703AA00EB4D
:10171000D1614B1121F01F0102EB8302411A1368C2
:101720000120884003431360C7E719E00D99224662
:1017300000286FF00100009702DAAFF3008004E0A8
:10174000AFF3008001E0AFF3008000280ADA401C0C
:1017500006D10C9820B14FF0FF300FB0BDE8F08FEC
:101760005046FAE7E90701D10AF1010A06440020D0
:101770000C9053E6CCCCCC0C2DE9F05F824615469C
:101780008B4600270AF10104B9460078302801D0C1
:101790009DB113E014F8010B0127782803D05828D5
:1017A00001D045B10AE00DB1102D07D1002714F882
:1017B000010B102502E0082500E00A250026B046AE
:1017C0000EE005FB080005FB06F101271FFA80F873
:1017D00001EB1046B6F5803F00D3B94614F8010B73
:1017E000294600F0B0F80028EBDABBF1000F05D075
:1017F0000FB1641E00E05446CBF80040B9F1000F71
:1018000006D0FEF771FF02210160C81EBDE8F09FFF
:1018100048EA0640FAE700002DE9F04781461646FF
:101820008AB0354878440DC88DE80D0032487844B8
:10183000801C03AC0DC884E80D0041F69B300844C1
:10184000372190FBF1F290FBF1F5A5F1800501FB4A
:1018500012041B3C02D56442012000E00020DFF8A6
:1018600098A080460027FA44AAF1BE0A0EE0E007DD
:101870000AD03246684607EB470101230AEB810193
:1018800000F0A6FD8DE8070064107F1C002CEED14F
:10189000194F7F44AE3F19E0E80715D007EB04105D
:1018A0000DF1180A90E80E008AE80E00C068F042B8
:1018B00001D1981908903246012306A903A800F027
:1018C00087FD03AB83E807006D10641C002DE3D196
:1018D0004FF0010332466946B8F1000F03A802D069
:1018E00000F04CFD01E000F073FDC9E90001C9F80A
:1018F00008200AB0BDE8F087787700007546FFF74A
:10190000E3FCAE4605006946534620F007008546D5
:1019100018B020B5FEF77EFCBDE820404FF0000671
:101920004FF000074FF000084FF0000B21F00701C7
:10193000AC46ACE8C009ACE8C009ACE8C009ACE80A
:10194000C0098D4670473A2800D2303820F0200276
:10195000412A01D3A2F13700884201D34FF0FF3072
:10196000704700002DE9FF4F1F464FF03C0987B03C
:101970004FF00042DDE9141001F10108DDF858A034
:1019800002EA405003900020059083460546044635
:101990000490B969461E08988847AAF1010A029086
:1019A000BAF1000F3BDD02982E2815D01021FFF769
:1019B000CAFF00282EDB4FF0010B0599014317D019
:1019C000B9F1000F0BDB4A46C11700F0FEF90543E1
:1019D0000C43A9F1040905E0012004900BE008B1D3
:1019E00045F0010501200590049820B9361D02E05C
:1019F000049800B1361FB969089808F101088847B2
:101A0000BBF1000FAAF1010A0290C9D00999C1F8EF
:101A10000080C5E70298702808D0502806D0F969E0
:101A200008988847BBF1000F14D04FE000200290C7
:101A30000120BBF1000F049009D0B969089808F1A2
:101A400001088847AAF10109B9F1000F07DCF9691B
:101A5000089888476FF001000BB0BDE8F08F2B2885
:101A600004D02D280CD14FF0FF300490B9690898AC
:101A700008F101088847A9F10109B9F1000FE6DD75
:101A8000411CE4D00A21FFF75EFF0028DFDB02994A
:101A900008F1010801EB810100EB41000290B969F6
:101AA000089888470A21FFF74EFF099AA9F1010912
:101AB000B9F1000FC2F8008001DD0028E7DAF9690A
:101AC000089888470499029800FB016655EA0400CB
:101AD00004D004F04041090002D006E0039898E0E9
:101AE000A40044EA9574AD00B61E04F0004108005D
:101AF00002D16D196441761E159810F0240F03D0A1
:101B00004FF00B095C4803E04FF028096FF07D00AF
:101B10008246564507DAAAEB06018944B9F1410F1E
:101B200001DD4FF0410901200021A9F1010200F07F
:101B30004CF9024628400B462140084301D00121C0
:101B400000E00021501E029143F1FF312840214066
:101B5000084301D0012000E000200299834651EAA9
:101B60000B014FD0002108464FF00000039900F40C
:101B7000400039B100EB80004FF4400100EBD07021
:101B800001EA60008015012802DD4FF0FF3000E01F
:101B900013D0401C36D0029860B3BBF1000F0CD1BB
:101BA0004A460120002100F010F928402140084356
:101BB00001D0012000E00020E0B101204A460021D0
:101BC00000F003F9034640190A4661412D1A8C4181
:101BD00011D3B9F1400F09DD159810F0240F02D090
:101BE000AAF1340603E0AAF1170600E0761C0025EE
:101BF0004FF0004406E05B1E42F1FF3220EA03058D
:101C000021EA0204CAF10100B04206DA1B49039836
:101C100008430190002000900EE0039AC4F3D32102
:101C2000E80A0A43164940EA44500A433146CDE9DE
:101C30000002684605F0F8FB159810F0240F0BD051
:101C40001598C00715D13868DDE90012031D3B6007
:101C50000068C0E900120CE002A8694605F07DFBAF
:101C60001598C00705D13868029A011D39600068CF
:101C700002604046F0E6000002FCFFFF0000F07F3B
:101C80000000F03F2DE9FF4F92461D4685B04FF012
:101C90000041DDE9124BDDE914727F1E01EA4B5071
:101CA000414940F0FF4940EA0108002122F02000AC
:101CB0004928049102D04E2828D04CE03BA00126B0
:101CC00007C88DE80700A9690698641C88477F1E2D
:101CD000014606D41DF8060018B121F0200181420A
:101CE0000BD0E96906988847032E34D0082E32D0ED
:101CF0006FF0010009B0BDE8F08F761C032E01D013
:101D0000082EE0D1601CCAF80000DCE7A96906983B
:101D1000641C88477F1E2AD420F02000412826D149
:101D2000A9690698641C88477F1E20D420F02000F3
:101D30004E281CD1A9690698641C88477F1E48F468
:101D4000002849F48009CAF8004001D4282806D0A8
:101D5000E969069888475FEACB7012D022E0A9694A
:101D60000698641C88477F1E01D4002803DAE969BD
:101D700006988847BCE72928F1D1641CCAF80040BE
:101D8000E9E71BF0240F07D028680499031D2B6096
:101D90000068C0E9001805E02868021D2A60006894
:101DA000C0F800902046A5E70000F07F494E464964
:101DB0004E4954590000000010B50446AFF30080AE
:101DC0002046BDE81040FEF711BAB2F120030AD553
:101DD000C2F1200301FA02F120FA03F300FA02F043
:101DE00041EA0301704700FA03F14FF00000704729
:101DF00001491820ABBEFEE72600020070475FEAEB
:101E0000400C08BF91F0000F4FEA8C234FEAC1222B
:101E100043EA51514FEA1C5018BF00F5F0404FEA19
:101E2000300018BF41F000415FEA6C5C00F029808F
:101E3000BCF1FF3F08BF40F080407047130C06BF65
:101E400012044FF0100C4FF0000C130E04BF1202DE
:101E50000CF1080C130F04BF12010CF1040C930FCA
:101E600004BF92000CF1020CD30F04BF52000CF11E
:101E7000010C11464FF00002A0F11F00A0EB0C0076
:101E8000704711F0004F08BF704731F000413FF438
:101E9000D5AF0B0C06BF09044FF0100C4FF0000C2F
:101EA0000B0E04BF09020CF1080C0B0F04BF090153
:101EB0000CF1040C8B0F04BF89000CF1020CCB0F4A
:101EC00004BF49000CF1010CCCF12003A0EB0C0085
:101ED00022FA03F302FA0CF241EA030100F10100D5
:101EE000704720F07F4C80EA030023F07F47ACEB83
:101EF000070303F57C5300F0004003F1FF032DE9D5
:101F000080494FEA154B09B44FEA144325EA0B4EBA
:101F100024EA03480FF2042606EB132749083E780B
:101F20005FEA320203FB0667C7F5000707FB06F608
:101F30004FEA54374FEAD64606F1020607FB066C15
:101F4000CCF1005C4FEA1C472CEA074C07FB06F477
:101F50000CFB06F504EB15464FEA961634BF00203D
:101F60004FF000404FEAD13706FB07FC4FEA1C4C0C
:101F70000CFB0BF7D21B03FB0CF761EB07010CFB0F
:101F80000EF7B0EB074072EB17420CFB08F734BFBB
:101F9000A2EB0742B2EB074261EB17414FEA0C4458
:101FA0004FEA910706FB07FC4FEA1C4C0CFB0BF7B2
:101FB000B0EBC74072EB573203FB0CF734BFA2EB18
:101FC000C742B2EBC74261EB57310CFB0EF7B0EBE7
:101FD000C70072EB57720CFB08F734BFA2EBC702C5
:101FE000B2EBC70261EB5771039F4FEA816141EA8F
:101FF000921104EBCC044FEAD1374FEA826206FB20
:1020000007FC42EA90124FEA80604FEA1C4C0CFB3E
:102010000BF7D21B03FB0CF761EB07010CFB0EF770
:10202000B0EB074072EB17420CFB08F734BFA2EB92
:102030000742B2EB074261EB17414FEA8C554FEA7A
:10204000910704EB9C2406FB07FC4FEA1C4C0CFB9D
:102050000BF7B0EBC74072EB573203FB0CF734BF02
:10206000A2EBC742B2EBC74261EB57310CFB0EF754
:10207000B0EBC70072EB57720CFB08F734BFA2EB52
:10208000C702B2EBC70261EB577115EB4C254FEA63
:10209000816141EA92114FEA82624FEAD13742EA06
:1020A000901206FB07FC44F100044FEA80604FEAFF
:1020B0001C4C0CFB0BF7D21B03FB0CF761EB07016D
:1020C0000CFB0EF7B0EB074072EB17420CFB08F766
:1020D00034BFA2EB0742B2EB074261EB174115EBAD
:1020E0001C154FEA813141EA92414FEA823242EABD
:1020F00090424FEA80304FEA0C7644F1000448EAFF
:1021000003434EEA0B484FF0000EB2EB080C71EBA4
:10211000030724BF624639464EEB0E0E4FF0000B0C
:102120000018524149414BEB0B0BB2EB080C71EB21
:1021300003077BF1000B24BF624639464EEB0E0EBF
:102140004FF0000B0018524149414BEB0B0BB2EB27
:10215000080C71EB03077BF1000B24BF6246394684
:102160004EEB0E0E51EA020718BF46F0010616EBC1
:102170000E7655F1000254F1000103D5BDE8890146
:10218000BDE80088BDE88901BDE80048B6195241A4
:1021900041EB0101A3F10103704780807F7E7D7CCC
:1021A0007B7A7978777676757473727171706F6EE9
:1021B0006E6D6C6C6B6A6A69686867666665646494
:1021C000636362616160605F5F5E5E5D5D5C5C5B1E
:1021D0005B5A5A595958585757565655555554548D
:1021E000535352525251515050504F4F4F4E4E4DEB
:1021F0004D4D4C4C4C4B4B4B4A4A4A494949484837
:102200004847474747464646454545444444444376
:1022100043434342424242414141000046EA0646AE
:10222000A3F570534FEA164646EA42564FEAD222C9
:1022300042EA415210B54FEAD121A3F1010300F067
:102240002FF820F0004000F1020C00F0004701EBF5
:1022500000501146BCF5006F40EA070000D210BDE7
:10226000BAF1000F0AD01CB503B44FF004004FF0D0
:1022700004014FF000000FBCBDE810404FF000011A
:10228000BBF1010FB9BF04484FF0FF3103480021F3
:1022900040EA070010BD00BFFFFFEF7F0000F07FA6
:1022A000002B9C4630D477002BD01CB54FEA370763
:1022B00003B44FF010004FF01001BAF1000F06D038
:1022C000BCF1000FDCBF40F0080040F008014FF007
:1022D00000000FBCBDE810400BF1010BBBF1010F7A
:1022E00008BF5FEA170722BF12F1010211F10101D5
:1022F0004FF0004143F1000300F0004043EA0000CA
:102300007047F9D35708D0E746EA064613F1400F65
:102310004FEA16461FDD13F1200FDFBF16430A46B2
:10232000002120335B42BED0C3F1200746EA0646B7
:1023300002FA07F74FEA164646EA0706C3F12007F6
:1023400022FA03F201FA07F721FA03F14FF0000332
:1023500042EA0702A7E746EA020646EA06464FEACD
:10236000164646EA0106BCBF46EA0646360C4FF062
:1023700000034FF000024FF0000194E72DE9804C7C
:102380009A46934670B491E8380007C831EA400C89
:1023900048BF34EA430C03D5FFF7A3FDFFF780FFE6
:1023A000F0BCBDE8008C2DE9804C9A46934670B491
:1023B00091E8380007C831EA400C48BF34EA430CC2
:1023C00003D5FFF78EFDFFF729FFF0BCBDE8008CB9
:1023D0002DE9804C9A46934670B491E8380007C8BE
:1023E00010F0804F08BF13F0804F03D100F01AF8AF
:1023F000FFF756FFF0BCBDE8008C2DE9804C9A46F3
:10240000934670B491E8380007C810F0804F08BFB9
:1024100013F0804F03D100F005F8FFF7FFFEF0BC8A
:10242000BDE8008C20F07F4780EA030023F07F4C5A
:1024300007EB0C03A3F57C5300F00040A3F1FE036F
:1024400092F0000F00F0B38095F0000F00F077805D
:102450002DE901494FEA11404FEA144621EA0048AC
:1024600000FB06FC24EA064708FB06F607FB08F813
:1024700000FB07F718EB06484CEB164C4FEA124BE3
:1024800018EB07484FEA15464CEB174022EA0B4E73
:102490000BFB06FC25EA06470EFB06F607FB0EFEC5
:1024A0000BFB07F71EEB064E4CEB164C4FF00006ED
:1024B0001EEB074E4CEB174B18EB0B0840F10000DE
:1024C00018EB0E0B58EB000840F100008F1A4FF08C
:1024D00000013CBFC943661B14BFB5EB040C0021CF
:1024E0003CBFC943F61B4FEA17444EEA8E0E27EA5B
:1024F00004454FEA1C4704FB07622CEA074C05FB26
:1025000007F70CFB05F604FB0CFC16EB074642EB49
:10251000174216EB0C4642EB1C421BEB060658EB2F
:102520000202414146EA9E0601D5BDE80189B6197D
:10253000524141EB0101A3F10103BDE801894FEADA
:1025400014454FEA114724EA054621EA074C05FBEA
:1025500007F406FB07F70CFB06F105FB0CFC11EB7F
:10256000074144EB17444FEA124711EB0C4144EB8F
:102570001C4422EA074C05FB07F206FB07F70CFB9D
:1025800006F605FB0CFC16EB074642EB174216EB72
:102590000C4642EB1C456A1854F1000148BF7047D5
:1025A000B619524141EB0101A3F10103704795F0C7
:1025B000000F37D04FEA11424FEA144721EA024692
:1025C00024EA074C02FB07F106FB07F70CFB06F4B5
:1025D00002FB0CFC14EB074441EB17414FEA154793
:1025E00014EB0C4441EB1C4125EA074C02FB07F5B8
:1025F00006FB07F70CFB06F602FB0CFC16EB074686
:1026000045EB174516EB0C4645EB1C42121951F1F0
:10261000000148BF7047B619524141EB0101A3F1D7
:10262000010370474FEA14454FEA114724EA054673
:1026300021EA074C05FB07F106FB07F70CFB06F246
:102640004FF0000605FB0CFC12EB074241EB174173
:1026500012EB0C4251EB1C4148BF7047921841EB02
:102660000101A3F1010370470B4910B581F82C005B
:1026700000280FD104F03AFA0748843800F04AF9EC
:102680000548583800F046F90348BDE810402C389A
:1026900000F040B910BD0000A400002000487047C1
:1026A000A400002010B504F083F904F04BF804F006
:1026B00045FD0A4800F02EF908482C3000F02AF9B0
:1026C0000648583000F026F901F04EFA034918394F
:1026D0004860BDE8104004F009BA00002000002066
:1026E0002DE9F04703F04AFA054603F021FB0028E4
:1026F0006AD0364CB5F9020006F0E2F8214606F041
:10270000CFFA214605F0FEFFDFF8CC800746DFF860
:10271000C0904FF07E542F48D8F8101006F030F9D2
:1027200006463946484606F02BF9314605F076FF55
:1027300008F19C06C8F810003063A04201DD346344
:1027400003E02649884200D93163B5F9060006F056
:10275000B7F820F0004005F035FF0022204B05F0CF
:1027600007FB4FF080421F4B05F002FD1E4F002279
:102770003B4605F031FE05F00DFA1C49054688423E
:1027800001DA0D4602E0A54200DD2546306B20F05F
:10279000004005F017FF4FF0FF3206F02DFB00223E
:1027A0003B4605F019FE05F0F5F904464FF07C5064
:1027B000844200DA04466FF00101284606F04AFB25
:1027C000214606F0DDF8F061BDE8F0870000A04387
:1027D0003333333F9A99993E08000020000080BFB0
:1027E000008056403333D33F0000F03FCDCCCC3E89
:1027F0002DE9F04703F0C2F9044603F0A5FA0028DA
:102800003CD0214EDFF88490B4F9120006F058F85D
:102810000546B4F9140006F053F8824631462846BE
:1028200006F03EFA314605F06DFF1B4C0746DFF817
:1028300060804FF07E561748616906F0A1F80546A2
:102840003946404606F09CF8294605F0E7FE6061EF
:102850009C34054620634946504606F021FA494615
:1028600005F050FF0D496063B54201DD266302E0CB
:102870008D4200D92163B04202DD6663BDE8F08776
:102880008842FBD96163F9E70000A0430000704370
:102890009A99193FCCCCCC3E08000020000080BFA4
:1028A0002DE9F041154D012005F19C042A78144FC3
:1028B000A16A002682B1134A914208DD84F82D6096
:1028C0002E70A868E061E8686062BDE8F081676228
:1028D000E66184F82D00F8E7B9420CDA84F82D009F
:1028E000287009A003F0CAF9E069A860606AE8608E
:1028F0006762E661E9E784F82D60E6E708000020FA
:1029000000004842000070424F42535441434C453E
:1029100000000000002804D00021016141618161B4
:10292000816270472DE9F05F1746040009D04FF42B
:102930000008474502DBB7F17E5F04DD8069BDE832
:10294000F09F0020FBE7E06806F0AAF906464A4936
:1029500020F00040884200DA00263146206806F068
:102960000FF883462169606806F00AF80146584668
:1029700005F054FE0546E16906F0CEF804D328467A
:10298000216A05F0C9FF01D2012500E00025216977
:1029900030468A4605F0F4FFC146484501DB012078
:1029A00000E0002005B1B0B93946304605F0E8FF37
:1029B000514605F033FE2061616A06F0ADF8606AA9
:1029C00008D380F00040216906F0A6F803D2606ABF
:1029D00080F0004020612169606805F0D1FF8246E7
:1029E000A0680025804648452DDB3046616906F029
:1029F00057F9394605F086FE0546204F2049A06A62
:102A000005F0BEFF81463946284605F0B9FF494624
:102A100005F004FE0146A062404605F0B1FF054600
:102A20001849E06905F0ACFF07460146284606F064
:102A300073F801D23D4606E087F00040074629467C
:102A400006F06AF8F6D35146584605F0E7FD2946E8
:102A500005F0E4FDA061E16906F05EF801D2E069ED
:102A600005E0216AA06905F057FF01D2206AA06144
:102A70006661A06963E700000AD7233C6666663F8B
:102A8000D0CCCC3D9A99993E01490862704700002C
:102A9000A40000200149C86170470000A400002084
:102AA0000149486270470000A40000200649002246
:102AB000012881F82E000A634A6302D0022800D060
:102AC000002003F0F3B80000A40000202DE9FE432D
:102AD00001F04AF8544E04467068201A05F008FFC9
:102AE000524905F00FFE746006F19C040546211D55
:102AF000204603F01DFB02AA01A9684603F0BEFBB5
:102B000028B90198A0600098E060029820614848C8
:102B100003F015FE6061474803F011FEA06104F068
:102B200007FBA06294F82E0008B9FFF7B9FE00F089
:102B30008BF8606820F000413F48814204DC216846
:102B400021F00041814201DD03F0D0FF94F82C0018
:102B5000E8B13549394818312062C86032482A4600
:102B600018306168FFF7DEFE8046D4E9050105F004
:102B700055FD4FF0FF3106F06DF906462A4F94F8E7
:102B80002E00443738B103F0DFF848B905E003F010
:102B9000ADFFBDE8FE83E06904E003F0C9F800B1D1
:102BA0002748E061F86020482A4631464430FFF764
:102BB000B9FE06461C4F94F82E00703720B121490B
:102BC000206B05F0DDFE00E0606AF86016482A46DA
:102BD00070302169FFF7A6FE05464146304605F0F4
:102BE0001DFD0646294606F05BF805F04DFE04B2D1
:102BF0003046294605F012FD05F046FE01B24FF4BD
:102C00007A725042944201DD144602E0844200DAB6
:102C10000446914201DD114602E0814200DA01469C
:102C2000204603F0D5FEB4E70800002000007A44F7
:102C3000DC000020F800002000002042CDCCACC019
:102C4000295C0F3D0000C8C2054890F82E000128FD
:102C500003D0022803D1FFF7CBBDFFF741BD70477A
:102C6000A40000202DE9F04F99B00C460746FFF76D
:102C700015FDF8A13846FDF7F3FC002874D0F7A144
:102C80003846FDF7EDFC002873D0F6A13846FDF775
:102C9000E7FC002877D0F5A13846FDF7E1FC0028D5
:102CA0006FD0F5A13846FDF7DBFC00286AD0F4A10F
:102CB0003846FDF7D5FC002873D0F3A13846FDF760
:102CC000CFFC00286ED0F2A13846FDF7C9FC0028E1
:102CD00069D0F1A13846FDF7C3FC0100F04810901F
:102CE00072D0F0A13846FDF7BBFC00286DD0EFA1F3
:102CF0003846FDF7B5FC002868D0EFA13846FDF74F
:102D0000AFFCF04D002872D0EFA13846FDF7A8FCCB
:102D1000EF4E00286CD0EDA13846FDF7A1FC00284D
:102D200067D0ECA13846FDF79BFC002873D0EBA1DF
:102D30003846FDF795FC00286ED0EAA13846FDF72D
:102D40008FFC002869D0E9A13846FDF789FC0028EE
:102D500078D0E8A13846FDF783FC002873D0E7A0BF
:102D6000F5E201E005E00EE00120FFF77DFCE8A0C0
:102D7000EDE20020FFF78EFEEAA000F08BFBB7A08B
:102D800066E011E023E0EC4824B1204604F0B0FCFA
:102D900004F000FFFFF77EFEE8A000F07BFBB1A08F
:102DA00056E027E03AE03EE0E94834B1204604F03E
:102DB0009FFC04F0EFFE80F00040FFF76BFEE5A003
:102DC00000F068FBA9A043E047E055E06AE0E64870
:102DD0004CB1204604F08CFC05F05EF9002800DAC6
:102DE000404205F06DFDFFF75BFEE0A0AFE27EE044
:102DF000A6E0C8E0E14854B1204604F079FC05F0B3
:102E00004BF9002800DA4042404205F059FDFFF737
:102E100047FEDBA09BE2EFE00CE110E119B0BDE85A
:102E2000F04F00F04BBB0020FFF71EFC0020FFF727
:102E300031FED748FFF728FE0020FFF731FE03F0F0
:102E4000A1FC01E000E165E2D2A000F023FB90A02C
:102E500019B0BDE8F04F02F011BF002C6FD0204632
:102E600004F046FC04F096FE0446FFF713FE2046ED
:102E700005F0A8FBCBA20DE0002C60D0204604F0AA
:102E800037FC04F087FE0446FFF7FEFD204605F000
:102E900099FBC9A2CDE9000180211098FDF7E0F966
:102EA000109854E2002C4AD009A800900AAB08AA56
:102EB000C6A12046FDF7DCFA032840D1C648089990
:102EC00001600A9C8846446009998160084605F0C3
:102ED00079FB06460F46204605F074FB04460D4676
:102EE000404605F06FFB0B460246BCA121E0002CDA
:102EF00025D008A8009007AB06AAB4A12046FDF78C
:102F0000B7FA03281BD106982860079C80466C609E
:102F10000898A86005F056FB06460F46204605F0C7
:102F200051FB04460D46404605F04CFB0B4602465D
:102F3000B5A18DE8F0001098FDF77EF973E074E01C
:102F4000002C72D009A8009008AB07AA9FA12046C8
:102F5000FDF78EFA032868D107983060089C8046F8
:102F600074600998B06005F02DFB06460F462046B8
:102F700005F028FB04460D46404605F023FB0B46B2
:102F80000246ACA1D5E7B06805F01CFB8346884635
:102F9000706805F017FBCDE90C01306805F012FBF5
:102FA00081468A46A86805F00DFB06460F4668680C
:102FB00005F008FB04460791286805F003FB864DE1
:102FC000CDE90401A86805F0FDFACDE902016868C1
:102FD00005F0F8FACDE90001286805F0F3FA024699
:102FE00008A8069480E8C006CDE90EB80B469B49B8
:102FF0001098FDF721F953E7D4B12046FDF756FAB2
:103000000446022812D8E0B2FFF750FD944A01AB03
:1030100007CA83E8070001A892A250F82430802153
:103020001098FDF71DF910988BE18CE193A08EE1CB
:1030300099A08CE10120FFF739FDA0A087E10220D3
:10304000FFF734FDA5A082E10020FFF72FFDABA024
:103050007DE10000535441525400000053544F503E
:1030600000000000464F5257415244004241434B3A
:1030700057415244000000004C45465400000000F7
:1030800052494748540000005354415455530000DE
:10309000524553455400000053504545440000003C
:1030A00048020020414E474C45000000414E474C2D
:1030B00045504944000000005350454544504944A0
:1030C000000000004C0000205455524E504944006E
:1030D00078000020564953494F4E00004C494E4558
:1030E00000000000545241434B000000564F46463A
:1030F00000000000434F4C4F52000000556E6B6EB5
:103100006F776E20436F6D6D616E640D0A00000075
:1031100042616C616E636520537461727465640D05
:103120000A00000042616C616E63652053746F7029
:103130007065640D0A000000CDCC4C3D4D6F766982
:103140006E6720466F72776172640D0A000000009E
:10315000CDCC4CBD4D6F76696E67204261636B7755
:103160006172640D0A000000000048425475726EDE
:10317000696E67204C6566740D0A0000000048C245
:103180005475726E696E672052696768740D0A0023
:10319000CDCCACC053797374656D20526573657482
:1031A0000D0A000053706565642073657420746FA8
:1031B00020252E32660D0A00416E676C652073650E
:1031C0007420746F20252E32660D0A002566202596
:1031D000662025660000000020000020414E474C7C
:1031E0004520504944207365743A204B703D252E8C
:1031F0003266204B693D252E3266204B643D252EDC
:1032000032660D0A000000005350454544205049E5
:1032100044207365743A204B703D252E3266204B56
:10322000693D252E3266204B643D252E32660D0AFF
:10323000000000005455524E2050494420736574DC
:103240003A204B703D252E3266204B693D252E32AB
:1032500066204B643D252E32660D0A00B88F0008AB
:10326000DC8E0008566973696F6E206D6F6465208F
:1032700073657420746F2025730D0A00496E7661A2
:103280006C696420766973696F6E206D6F64652068
:1032900028302D32290D0A00566973696F6E206D32
:1032A0006F646520706172616D657465722072650E
:1032B0007175697265640D0A000000004C696E65E5
:1032C00020747261636B696E67206D6F6465206541
:1032D0006E61626C65640D0A000000004F626A65F1
:1032E000637420747261636B696E67206D6F6465CF
:1032F00020656E61626C65640D0A00005669736931
:103300006F6E206D6F64652064697361626C6564C3
:103310000D0A0000D4B123460FA2202110A8FCF70B
:103320009FFF10A8FDF7D9F882B2642310A90D48B9
:1033300002F068F923460CA240216846FCF790FF92
:10334000684600F0A7F819B0BDE8F08F0BA019B0DF
:10335000BDE8F04F00F09EB8434F4C4F525F2573CD
:103360000D0A00008C050020436F6C6F722073659E
:103370007420746F2025730D0A0000005573616777
:10338000653A20434F4C4F52203C5245447C4752B3
:1033900045454E7C424C55453E0D0A002DE9F04115
:1033A000074600F0E1FB144C01260025C4F8E800B4
:1033B00084F8E6600D2F0CD00A2F0AD0B4F8E00094
:1033C0003F2816D2275434F8E00F401C2080BDE877
:1033D000F081B4F8E020002AF9D0074901F1C000DB
:1033E0000746FDF7E4F834F8E00FC555667125800F
:1033F000EDE7A4F8E050EAE70802002038B5184CE1
:10340000002084F8E40024F8E00F6071A07100F05F
:10341000ABFBA06040211248E03CFDF7FAF81048F1
:1034200080214030FDF7F5F80D482021C030FDF730
:10343000F0F8012269460B4802F0AEF802220AA118
:103440000748FDF769F818B10A2000F085FAF5E79A
:10345000012084F8E60040210148FDF7DAF838BD84
:1034600008020020D4050020474F000070B5084D29
:10347000002420212846FDF726F818B1002100F885
:10348000011B044621462846BDE87040FFF7EABB11
:10349000C802002010B504000DD0FDF71EF800286A
:1034A00009D02046FDF719F8214682B2BDE8104048
:1034B000014802F0F7B810BDD40500202DE9F04F07
:1034C00093B0FFF7EBF8334A04460FAB07CA83E823
:1034D000070094F82E00022803D80FA951F82050B5
:1034E00000E02DA52E490E9198B102F047FB606BCC
:1034F00005F068F807460E46206B05F063F8039662
:103500008DE883002B4627A280210E98FCF7A8FEA9
:1035100039E0606A05F056F880468A46206905F071
:1035200051F807460391A06A05F04CF881468B4696
:10353000D4E9050105F072F84FF0FF3105F08AFC7F
:1035400005F040F8CDE90001606805F03BF8029015
:103550000E46206805F036F8CDE90C8A039ACDE9CD
:103560000A7294F82C20CDE90825CDE9069BDDE907
:103570000023CDE90423CDE900010396144A8021FC
:103580000E98FCF76DFE0E98FFF784FF13B0BDE8B0
:10359000F08F0000E88E0008554E4B4E4F574E00FE
:1035A00048020020564953494F4E3A204D4F44455A
:1035B000202573204572726F72583D252E33662088
:1035C0004572726F72593D252E3366200D0A000038
:1035D0001C90000810B500F0C7FA054C94F8E500FF
:1035E000002804D0FFF742FF002084F8E50010BD5A
:1035F00008020020FEE70000014800F09DB800002E
:10360000E8060020014800F097B80000A40600205A
:10361000014800F091B800001C060020014800F0AD
:103620008BB800006006002030B590F840500124AF
:10363000AC40C56B6C60046863604368102B036822
:1036400003D099600068C26030BD9A600068C160B4
:1036500030BD704772B6FEE710B590F82110002219
:10366000022905D00421816380F82020012010BDAB
:1036700001680B6823F00E030B6001680B6823F0F0
:1036800001030B6090F84030C46B012101FA03F391
:10369000636080F8211080F82020104610BD0000E3
:1036A00010B590F821100024022903D00421816371
:1036B00001243DE001680A6822F00E020A600168F8
:1036C0000A6822F001020A601A4A0168914201D197
:1036D000012121E0174A1432914201D110211BE04F
:1036E000144A2832914201D1891515E0114A3C3221
:1036F000914201D189140FE00E4A5032914202D119
:103700004FF4803108E00B4A6432914202D14FF409
:10371000801101E04FF08071064A083A51600121A2
:1037200080F82110002180F82010416B01B18847FA
:10373000204610BD080002402DE9F05FC16B0C6807
:1037400001680B68D0F840C0042202FA0CF2494D1F
:10375000DFF824A1494E4A4FDFF828B1DFF828E10D
:1037600022422CD05A072AD50A68920603D40A6846
:1037700022F004020A600168A94201D1042219E082
:10378000514501D1402215E0B14202D14FF480628F
:1037900010E0B94202D14FF480420BE0594502D10A
:1037A0004FF4802206E0714502D14FF4800201E01F
:1037B0004FF080622F4908394A60C16A3BE04FF000
:1037C000020808FA0CF818EA040F4FF000094FF04D
:1037D000010235D05FEA837832D50B689B0605D4A9
:1037E0000B6823F00A030B6080F821200168A942CE
:1037F00001D1022219E0514501D1202215E0B14248
:1038000002D14FF4007210E0B94202D14FF40052DD
:103810000BE0594502D14FF4003206E0714502D168
:103820004FF4001201E04FF00072124908394A606B
:1038300080F82090816A00291AD0BDE8F05F08471F
:10384000082505FA0CF5254212D01B0710D50B6888
:1038500023F00E030B6090F84010C36B02FA01F1E5
:103860005960826380F8212080F82090016BE2E7A4
:10387000BDE8F09F080002401C00024030000240FA
:1038800044000240580002406C00024030B528B3AA
:1038900008C8134914221944B1FBF2F18900C1632D
:1038A00010498163022141771A6843F6F0718A4317
:1038B000D0E900142143D0E902452C432143046997
:1038C0002143446921438469214311431960002144
:1038D0004163012242770177084630BD012030BDA7
:1038E000F8FFFDBF0000024070B5044690F82000CC
:1038F000002501280CD0012084F8200094F82160D4
:103900000020012E06D084F820000225284670BD34
:10391000022070BD022684F82160A063206806683A
:1039200026F0010606602046FFF77EFEE06A0028CA
:103930002068016802D041F00E0106E021F0040188
:1039400001602068016841F00A0101602068016897
:1039500041F001010160D9E770B5044600F004F9B7
:103960000546601C02D004480078044400F0FCF8CE
:10397000401BA042FAD370BD680100202DE9F84F2A
:10398000DFF8B8910024A9F1040B23460F2709F1B1
:10399000040AABF1040EC9E00125A5402A40AA4261
:1039A0007DD1674ED1F804C0ACEB0608B44532D0E7
:1039B00014DCBCF1030F3AD009DCBCF1000F2AD0B3
:1039C000BCF1010F1CD0BCF1020F31D11DE0BCF1E4
:1039D000110F17D0BCF1120F2AD119E0B8F5881FCA
:1039E00019D006DCB8F5803F15D0B8F5801F1FD17F
:1039F00011E0B8F5001F0ED0B8F5041F18D10AE089
:103A0000CB6815E0CB681B1D12E0CB6808330FE0D4
:103A1000CB680C330CE08B682BB1012B4FF0080303
:103A200003D0456104E0042302E0056100E00023C7
:103A3000FF2A01D8064601E000F104064FEA84059A
:103A400001D9A5F12005D6F8008007FA05FC28EA7F
:103A50000C0803FA05F548EA0508C6F800804D6829
:103A6000ED0062D5374DAE6946F00106AE61AD6935
:103A700024F0030605F001050095334D06EB050C17
:103A8000DCF80850A607360F07FA06F825EA0805FD
:103A9000DFF8B880404503D14FF0000817E044E05C
:103AA000DFF8AC80404502D14FF001080FE0DFF8AD
:103AB000A480404502D14FF0020808E0DFF898806A
:103AC000404502D14FF0030801E04FF0040808FA26
:103AD00006F848EA0508CCF808804D68D9F8006077
:103AE000ED024D4601D5164300E096432E604D6829
:103AF000DAF80060AD02554601D5164300E0964362
:103B00002E604D68DBF80060AD035D4601D51643BD
:103B100000E096432E604D68DEF80060ED037546C8
:103B200001D5164300E096432E60641C0D682A46BA
:103B3000E5407FF431AFBDE8F88F00000804014094
:103B40000000111000100240000001400008014078
:103B5000000C014000100140001401400AB1016155
:103B600070470904FBE700000148806870470000C7
:103B70006801002070B5040025D094F83D000025B0
:103B800020B984F83C50204600F07EFA242084F8C6
:103B90003D002068016821F0010101602068016892
:103BA00041F4004101602068016821F40041016096
:103BB00000F0D0FB4D4A6168914201D84C4900E0C9
:103BC0004C49884201D2012070BD4B492368B0FBAB
:103BD000F1F15E6826F03F060E435E606368934233
:103BE00006D94FF4967359434FF47A73B1FBF3F14E
:103BF0002368491C1E6A26F03F063143196261683A
:103C0000914210D84900401EB0FBF1F2521CC2F3A1
:103C10000B02042A01D2042022E0B0FBF1F0401C88
:103C2000C0F30B001CE0A268F2B301EBC10303EB8D
:103C30000116431EB3FBF6F35B1C43F480431B05E4
:103C400049D092B301EBC10202EB0111401EB0FB5F
:103C5000F1F0401CC0F30B0040F4804040F4004001
:103C60002168CA694CF6FF739A431043C861D4E9CE
:103C7000071001432068026822F0C002114301606E
:103C8000D4E9030101432068826848F2FF339A4374
:103C900011438160D4E9050108432168CA6822F014
:103CA000FF021043C86001E00EE016E020680168E2
:103CB00041F0010101602564202084F83D00256366
:103CC00084F83E50002070BD01EB4106431EB3FB5B
:103CD000F6F35B1CB3E70120C2E701EB4101401E94
:103CE000B0FBF1F0401CC0F30B00B7E7A086010069
:103CF00080841E0000093D0040420F002DE9FF4F67
:103D000083B00025DDE910799A4693460446DDF834
:103D100048800095FFF728FF064694F83D002028CC
:103D20007CD11923012288492046009601F00EFE1D
:103D30000028F5D194F83C0001286FD0012084F8C8
:103D40003C0020680168C90703D1016841F0010106
:103D500001602068016821F400610160222084F87C
:103D60003D00402084F83E0025646762A4F82A9054
:103D7000608D20857548E062CDE9008653465A463D
:103D80002046049901F0E4FC00287CD1208DDFF866
:103D9000C091202768B1012814D00228206801684A
:103DA0001ED041F480610160206841698069009003
:103DB000BCE02068416981690091016841F40071AB
:103DC0000160B3E02068016821F48061016072B68F
:103DD0002068416981690091016841F400710AE03D
:103DE00041F40061016072B6206841698169009107
:103DF000016821F48061016062B697E0032865D80C
:103E000001280CD0022843464FF0000249462046C4
:103E100000960BD001F09AFDA8BB0CE091E0324671
:103E20004146204601F038FE68BB72E001F08EFD8D
:103E300048BB72B633E02068016821F480610160FC
:103E400072B620680069616A0870606A401C60622E
:103E5000208D401E2085608D401E60853D4846F2C5
:103E6000A8110068B0FBF1F0C0EBC00000EB8000CF
:103E70000090401E009007D020684069C043400772
:103E80000DD50098F5E727E044F8305F6773A57318
:103E9000206940F02000206162B625731CE0206894
:103EA000016841F40071016020680069616A08706E
:103EB000606A401C6062218D491E2185618D491E0A
:103EC000618562B621680969017026E03246414683
:103ED000204601F0E1FD18B1012007B0BDE8F08FE8
:103EE00020680069616A0870606A401C6062208D09
:103EF000401E81B22185608D401E60852068426928
:103F0000D243520712D4032903D1016821F48061FE
:103F1000016020680069616A0870606A401C606224
:103F2000208D401E2085608D401E6085208D0028DC
:103F30007FF464AF84F83D7084F83E5084F83C50C0
:103F4000CBE70220C9E70000020010000000FFFFDD
:103F500004000100140100202DE9FF4F83B09A46B0
:103F6000DDE9119793460446DDF84080FFF7FCFD3C
:103F7000054694F83D0020287FD1192301224049AD
:103F80002046009501F0E2FC002876D194F83C0030
:103F9000012872D0012084F83C0020680168C9071C
:103FA00003D1016841F0010101602068016821F43A
:103FB00000610160212084F83D00402084F83E002B
:103FC00000262664C4F82480A4F82A90608D2085F9
:103FD0002C48E062CDE9007553465A4620460499C4
:103FE00001F034FC70B930E02A463946204601F031
:103FF0008BFD58B1206C042804D12068016841F47D
:1040000000710160012007B0BDE8F08F606A21688F
:1040100000780861606A401C6062218D491E89B287
:104020002185628D521E628522685369DB435B07DE
:104030000BD469B100781061606A401C6062208D09
:10404000401E2085608D401E6085208D0028CBD1CC
:104050002A463946204601F04DFC0028CAD154F8C2
:104060003D0B016841F400710160202004F81E0935
:10407000E67766770020C6E7FFE70220C3E7000087
:10408000020010000000FFFF10B586B00021009173
:1040900001910291039100681349884222D1134C87
:1040A000A06940F00800A061A069694600F008001E
:1040B00004904FF440700090122001900320039070
:1040C0000B48FFF75BFC0B48416841F0E06141F0B1
:1040D00002014160E06940F40010E061E06900F431
:1040E0000010049006B010BD0054004000100240C3
:1040F000000C014000000140024881680278114430
:104100008160704768010020074810B5016841F0E0
:1041100010010160032000F075F80F2000F006F890
:1041200000F024F8002010BD0020024070B50D4DB5
:1041300004464FF47A712878B1FBF0F00A49096817
:10414000B1FBF0F000F0DCFA48B9102C07D20022E5
:104150002146501E00F036F800206C6070BD012032
:1041600070BD000068010020140100200C4808B553
:10417000816941F001018161816901F001010091D2
:10418000C16941F08051C161C06900F08050009068
:104190000448416821F0E06141F00071416008BDD0
:1041A0000010024000000140002809DB00F01F025F
:1041B000012191404009800000F1E020C0F8001189
:1041C00070470000F0B40E4B1B680C46C3F302238B
:1041D000C3F10705042D00D90425191D072901D2B3
:1041E000002300E0DB1E012606FA05F1491E2140EE
:1041F00099409E40761E16403143F0BC03F086B8CD
:104200000CED00E0064900F0070208684FF6FF03D6
:10421000184040EA0220034A10430860704700003B
:104220000CED00E00000FA052DE9F0470F4605000F
:1042300061D0434E306800F00700B84209D23068C0
:1042400020F0070038433060306800F00700B842C3
:1042500051D128683B4C810712D5400703D56068CF
:1042600040F4E06060602878000703D5606840F49F
:10427000605060606068A96820F0F00008436060EA
:104280002878C00728D06868012810D02168022843
:1042900010D0890700292EDA616821F0030101435B
:1042A0006160FFF761FC804641F288390DE02168CA
:1042B0008903EFE78901EDE7FFF756FCA0EB080162
:1042C000494502D90320BDE8F0876068696800F0BD
:1042D0000C00B0EB810FEFD1306800F00700B8425E
:1042E0000BD9306820F0070038433060306800F0A8
:1042F0000700B84201D00120E5E72878400705D53E
:104300006068E96820F4E06008436060287800078E
:1043100006D56068296920F4605040EAC1006060F9
:1043200000F038F86168084AC1F30311515CC840D5
:104330000649086006480068FFF7F8FE0020C2E75B
:104340000020024000100240F48E000814010020FA
:104350006C0100200448054900684968044AC1F31B
:104360000221515CC8407047140100200010024037
:10437000048F00080448054900684968044AC1F3ED
:10438000C221515CC8407047140100200010024057
:10439000048F00080E4A51680E4801F00C03042BEC
:1043A00011D0082B0FD10C48C1F38343C903C05C63
:1043B0000AD55168084AC1F34041921E515C054A32
:1043C0005043B0FBF1F07047044948437047000088
:1043D0000010024000127A00128F000800093D0010
:1043E0002DE9F84F040070D02078C04DC00749D0A7
:1043F0006868C0F38100012807D06868C0F38100B5
:10440000022809D16868C00306D52868800339D519
:1044100060680028E7D035E06068B0F5803F0BD0D9
:1044200010B1B0F5A02F11D0286820F4803028609A
:10443000286820F4802002E0286840F4803028605A
:10444000606890B1FFF790FB06460AE0286840F4E8
:1044500080202860F0E700BFFFF786FB801B642800
:1044600073D828688003F7D50CE0FFF77DFB06467C
:1044700005E000BFFFF778FB801B6428F0D82868B0
:104480008003F7D420789A4E80074FF001094FF04F
:10449000000839D5686810F00C0F07D06868C0F3C1
:1044A0008100022809D16868C00306D42868800703
:1044B00014D52069012808D110E02069B0B1C6F8F0
:1044C0000090FFF751FB074605E00AE1FFF74CFBC0
:1044D000C01B0228C4D828688007F7D528686169FE
:1044E00020F0F80040EAC10028600DE0C6F8008026
:1044F000FFF73AFB074604E0FFF736FBC01B022834
:1045000023D828688007F7D4207800072CD579486D
:10451000A169D9B1C0F80090FFF726FB074604E077
:10452000FFF722FBC01B02280FD8686A8007F7D567
:1045300071484FF4FA510068B0FBF1F0009000BFF1
:104540000098411E0091FAD20EE080E0C0F8008091
:10455000FFF70AFB074604E0FFF706FBC01B022833
:1045600075D8686A8007F7D42078400760D5E86975
:104570000027C00008D4E86940F08050E861E8698D
:10458000012700F0805000905C480168C90513D4F1
:104590000168834641F480710160FFF7E5FA8246C5
:1045A00006E000BFFFF7E0FAA0EB0A0064284ED84F
:1045B000DBF80000C005F5D5E06801280AD008B195
:1045C000052813D0286A20F001002862286A20F00C
:1045D000040002E0286A40F001002862E06841F22D
:1045E000883B98B1FFF7C0FA82460BE0286A40F09A
:1045F00004002862EEE700BFFFF7B6FAA0EB0A015D
:1046000059455AD8286A8007F6D50CE0FFF7ACFA6E
:10461000824605E0FFF7A8FAA0EB0A0159454CD8FD
:10462000286A8007F6D41FB1E86920F08050E8615D
:10463000E06988B36968C1F38101022944D0022886
:10464000C6F8608004D0FFF78FFA044638E034E003
:10465000FFF78AFA074604E0FFF786FAC01B022834
:104660002BD828688001F7D4206AB0F5803F05D1A7
:104670006868A16820F4003008436860D4E9080144
:104680000843696821F4741108436860C6F86090B3
:10469000FFF76AFA044606E025E000BFFFF764FA78
:1046A000001B022809D828688001F7D51BE000BF4D
:1046B000FFF75AFA001B022802D90320BDE8F88F41
:1046C00028688001F4D40EE00128F7D06868226AD7
:1046D00000F48031914204D1616A00F47010884284
:1046E00001D00120EAE70020E8E7000000100240C6
:1046F0000000424280044242140100200070004049
:1047000010B5401EB0F1807F01D3012010BD4FF0E5
:10471000E02460610F21601702F0F8FD0020A06125
:1047200007202061002010BD7047704770B590F8D9
:104730003C20012A26D0012480F83C40022280F847
:104740003D2003685A689D6822F070060A6832436B
:104750005A600D4B02689A4208D0B2F1804F05D0E2
:104760000A4B9A4202D00A4B9A4204D1496825F07A
:1047700080031943916080F83D40002180F83C108F
:10478000084670BD022070BD002C014000040040AE
:104790000008004010B5040003D094F83D0010B1AB
:1047A00007E0012010BD002084F83C00204600F006
:1047B0001FF8022084F83D00211D206802F0AAF9AC
:1047C000012084F8460084F83E0084F83F0084F815
:1047D000400084F8410084F8420084F8430084F8E3
:1047E000440084F8450084F83D00002010BD00001E
:1047F00000B585B000210091019102910391184A02
:104800000168184891421FD1816941F400618161BA
:10481000816901F400610491816941F004018161C1
:104820008069694600F004000490101500900E485D
:10483000FFF7A4F8002211461B20FFF7C3FC1B2042
:10484000FFF7B2FC05B000BD084A9142FAD1C16938
:1048500041F00201C161C06900F002000490F1E77B
:10486000002C0140001002400008014000040040FC
:1048700070B5044690F83C000025012817D00126A9
:1048800084F83C60022084F83D002068826822F0B1
:10489000770222F47F4282600868502838D00DDC0D
:1048A00020284FD005DC90B3102811D14AE0022017
:1048B00070BD302846D040280AD13BE060282FD078
:1048C00070280DD0B0F5805F03D0B0F5005F12D036
:1048D000012584F83D60002084F83C00284670BD26
:1048E000CB68D1E90121206802F05DF92068816878
:1048F00041F0770109E0CB68D1E90121206802F09D
:1049000052F92068816841F480418160E1E719E053
:10491000CA684968206802F0FBF95021206806E067
:10492000CA684968206802F031FA6021206802F004
:1049300044F9CEE7CA684968206802F0E9F94021E5
:104940002068F4E7226801461046F0E72DE9F041BF
:104950000D46040003D094F83D0018B108E0012092
:10496000BDE8F081002084F83C00204600F040F8CB
:10497000022084F83D002068816844F207029143D8
:104980008160211D206802F0C5F822689068916955
:10499000166A2B68AF69034340F20330814341EA52
:1049A0000721A868EF6908434FF6FC418843E9688E
:1049B00040EA0720014328692F6A000140EA0730D6
:1049C000084369686D6926F0220646EA0515294301
:1049D00093602268906154F8460B0162012004F84C
:1049E0001F09E0752076E0762077A0750020B7E7F4
:1049F00000B585B0002100910191029103910168F9
:104A00001A48B1F1804F1BD0194A914216D1C169A1
:104A100041F00401C161C16901F00401049181699F
:104A200041F0080181618069694600F00800049046
:104A3000C02000900F4800BFFEF7A0FF05B000BDEA
:104A4000C16941F00101C161C16901F00101049135
:104A5000816941F0040181618069694600F00400C8
:104A60000490032000900448E6E700000010024094
:104A700000080040000C01400008014070B590F8AB
:104A80003E60044690F83F5090F8423090F8432042
:104A9000022021B104290ED0012E1BD114E0012ED9
:104AA00018D1012B16D184F83E0084F8420001226F
:104AB0000021206820E0012D0CD1012A0AD184F8C0
:104AC0003F0084F8430014E0012D03D1012B01D1F4
:104AD000012A01D0012070BD84F83E0084F83F0017
:104AE00084F8420084F8430001220021206802F08B
:104AF0004DF801220421206802F048F8206801687E
:104B000041F001010160002070BD000010B5124AA3
:104B10000168914215D1114C2179012911D1017FF0
:104B200004290AD008290CD10C2100F0EEFAE0602B
:104B3000A168884206D3401A09E0082100F0E5FA8E
:104B4000A06010BD4FF6FF72511A491C0844206145
:104B5000012084F8310010BD002C0140F402002037
:104B60002DE9F041054690F83C0000260C4601284E
:104B700010D0012085F83C0072B1042A1CD0082A0C
:104B80002CD00C2A50D00126002085F83C0030465D
:104B9000BDE8F0810220FBE7D4E90012E368286851
:104BA00002F0C8F82868816921F00C018161286849
:104BB0008169A26811430FE0D4E90012E368286814
:104BC00002F0F6F82868816921F440618161286863
:104BD0008169A26841EA02218161D5E72868D4E9A8
:104BE000002C277B036A016A21F480710162C1698C
:104BF00023F4007321F0030141EA0C0121F0F00CD1
:104C000039074FF400774CEA116107EA02221A4390
:104C1000C16102622868C16921F00C01C161286884
:104C2000C169A26811432BE02868D4E90021E76834
:104C3000036AD0F820C02CF4805CC0F820C0D0F803
:104C40001CC023F400532CF4407C4CEA012121F4D5
:104C5000704C4FF6FF7101EA07314FF4005741EAFB
:104C60000C0107EA02321A43C16102622868C16975
:104C700021F44061C1612868C169A26841EA02214A
:104C8000C16181E710B5040003D094F83D0010B174
:104C900007E0012010BD002084F83C00204600F011
:104CA0001EF8022084F83D00211D206801F032FF2B
:104CB000012084F8460084F83E0084F83F0084F820
:104CC000400084F8410084F8420084F8430084F8EE
:104CD000440084F8450084F83D00002010BD704772
:104CE00030B50446002551B104290DD0082910D053
:104CF00094F8410094F84520012811D10EE094F871
:104D00003E0094F84220F7E794F83F0094F84320DF
:104D1000F2E794F8400094F84420EDE7012A01D02E
:104D2000012030BD022059B1042912D0082919D020
:104D300084F8410084F845000C2938D0012534E07E
:104D400084F83E0084F842002068C26842F0020203
:104D500010E084F83F0084F843002068C26842F005
:104D6000040207E084F8400084F844002068C26828
:104D700042F00802C2600122206801F007FF0E49DC
:104D80002068884208D0B0F1804F05D00B49884296
:104D900002D00B49884204D1816801F0070106293D
:104DA00003D0016841F001010160284630BD206850
:104DB000C26842F01002DDE7002C01400004004010
:104DC000000800402DE9F04104460068C668056906
:104DD0004FF00007A90713D5B10711D5F91E0161DE
:104DE00001202077206880698007204602D0FFF7E5
:104DF0008DFE04E000F0A4F8204600F036F9277795
:104E0000680716D5700714D521686FF00400086193
:104E1000022020772068806910F4407F204602D06D
:104E2000FFF774FE04E000F08BF8204600F01DF957
:104E30002777280715D5300713D521686FF00800AC
:104E40000861042020772068C0698007204602D0CE
:104E5000FFF75CFE04E000F073F8204600F005F96F
:104E60002777E80616D5F00614D521686FF01000F4
:104E70000861082020772068C06910F4407F204630
:104E800002D0FFF743FE04E000F05AF8204600F09D
:104E9000ECF82777E80708D0F00706D021686FF014
:104EA00001000861204600F02FF9280608D53006D9
:104EB00006D521686FF0800008612046FFF734FCBA
:104EC000680608D5700606D521686FF040000861B5
:104ED000204600F02FF9A8060AD5B00608D52168AB
:104EE0006FF0200008612046BDE8F041FFF71DBCCF
:104EF000BDE8F08100B585B00021009101910291DB
:104F0000039100680B49884211D10B48816941F037
:104F1000040181618069694600F004000490C020AA
:104F200000900220019003900448FEF727FD05B091
:104F300000BD0000000400400010024000080140D5
:104F4000704770B5044690F83C0000260D460128D5
:104F50000FD0012084F83C006AB1042A1DD0082A31
:104F60002FD00C2A3FD00126002084F83C00304688
:104F700070BD022070BD206801F028FE20688169A4
:104F800041F0080181612068816921F0040181619B
:104F9000206881692A69114311E0206801F03EFE12
:104FA0002068816941F4006181612068816921F490
:104FB00080618161206881692A6941EA02218161F9
:104FC000D2E7206801F056FE2068C16941F008016F
:104FD000C1612068C16921F00401C1612068C16913
:104FE0002A69114311E0206801F070FE2068C16950
:104FF00041F40061C1612068C16921F48061C1612F
:105000002068C1692A6941EA0221C161ACE710B593
:10501000040003D094F83D0010B107E0012010BD5A
:10502000002084F83C00204600F01EF8022084F89E
:105030003D00211D206801F06DFD012084F846002F
:1050400084F83E0084F83F0084F8400084F8410072
:1050500084F8420084F8430084F8440084F8450052
:1050600084F83D00002010BD7047704710B504461D
:10507000022249B104290ED0082913D094F8410026
:10508000012816D0012010BD94F83E000128F9D166
:1050900084F83E200FE094F83F000128F2D184F814
:1050A0003F2008E094F840000128EBD184F840202C
:1050B00001E084F841200122206801F067FD0F49DA
:1050C0002068884203D1426C42F400424264206866
:1050D000884208D0B0F1804F05D00949884202D0FB
:1050E0000849884204D1816801F00701062903D0EC
:1050F000016841F001010160002010BD002C014059
:10510000000400400008004070470246002041B102
:10511000042909D008290AD00C2901D11068006C93
:1051200070471068406B70471068806B704710685C
:10513000C06B70477047704770470000F8B5016852
:1051400004460868CA684B6910F00F0F4FF000055D
:1051500059D003F0010602F49077374365D0C107B8
:1051600005D0D10503D5616C41F0010161644107AF
:1051700005D5D90703D0616C41F002016164810754
:1051800005D5D90703D0616C41F0040161640107C2
:1051900007D502F02001314303D0616C41F00801D2
:1051A0006164616C00293AD0800604D5900602D56E
:1051B000204601F0A0FE20684069616CC0F38010B9
:1051C000090700D460B3204601F060FE2068406902
:1051D000400621D52068143050E8001F21F040011E
:1051E00040E80012002AF5D1E06BA8B16D49416397
:1051F000E06BFEF755FA002811D0E06B416B01B06F
:10520000BDE8F040084783060FD593060DD520462C
:10521000BDE8F84001F06FBE2046FFF78DFFF8BDF6
:105220002046FFF789FF6564F8BD266B2023012E19
:105230007CD1C6067AD5D60678D50868486800902D
:1052400048694FF00206400640D5E16B08684068A7
:105250000004000CE8D0A28D8242E5D9E08588697F
:1052600020282DD020680C3050E8001F21F48071D8
:1052700040E80012002AF5D12068143050E8001FE1
:1052800021F0010140E80012002AF5D12068143015
:1052900050E8001F21F0400140E80012002AF5D13B
:1052A00084F84230256320680C3050E8001F21F05C
:1052B000100140E80012002AF5D1E06BFEF7CCF9AE
:1052C0006663A08DE18D401A81B22AE0A08DE18D48
:1052D000401A81B2E08D0028A6D00029A4D022680F
:1052E0000C3252E8000F20F4907042E80007002FC3
:1052F000F5D12068143050E8002F22F0010240E878
:105300000027002FF5D184F84230256320680C3047
:1053100050E8002F22F0100240E80023002BF5D1C6
:1053200066632046FFF707FFF8BDFFE705062BD5AC
:10533000150629D594F841002128F5D1A068B0F5CB
:10534000805F01D12069B0B1206A411C21622168CF
:1053500000784860E08C401E0004000CE084E3D13B
:105360002068C16821F08001C1602068C16841F0F7
:105370004001C160D8E7206A0088C0F30800486097
:10538000206A801C2062E5E74006CDD55006CBD5CB
:10539000CA68204622F04002CA6084F8413000F01A
:1053A000BDF9C1E7E76D000870B5040004D094F8BA
:1053B0004100002510B106E0012070BD84F8405086
:1053C000204600F023F8242084F841002068C168BA
:1053D00021F40051C160204601F0EEFD2068016912
:1053E00021F4904101612068416921F02A01416165
:1053F0002068C16841F40051C1606564202084F8D0
:10540000410084F842006563002070BD2DE9F04141
:1054100086B0002500950195029503950446574FE7
:10542000036857480221032280264FF01008BB4230
:105430004DD1C36943F40033C361C36903F400333E
:105440000493836943F00403836180694D4F00F046
:10545000040004900420CDE9000103926946384617
:10546000FEF78CFA0820CDE900056946384602951A
:10547000FEF784FA454F4448C7E90005C7E90256DC
:105480003D617D61BD613846FD61FEF7FFF908B100
:10549000FEF7E0F8E7637C623C4F3B48443714304A
:1054A000C7E902563D617D61BD61FD61C7E9000844
:1054B0003846FEF7EBF908B1FEF7CCF8A7630022F7
:1054C000114626207C62FEF77DFE262051E0304FFB
:1054D000BB4250D1C36943F48023C361C36903F461
:1054E00080230493836943F00803836180690392F6
:1054F00000F0080004903815CDE90001254F6946F9
:105500003846FEF73BFAF814CDE9000569463846FF
:105510000295FEF733FA1D4F1B4888373C38C7E920
:105520000005C7E902563D617D61BD613846FD61F8
:10553000FEF7ACF908B1FEF78DF8E7637C62134F14
:105540001148CC375038C7E902563D617D61BD61D5
:10555000FD61C7E900083846FEF798F908B1FEF783
:1055600079F8A7630022022127207C62FEF72AFE39
:105570002720FEF719FE06B0BDE8F0810044004088
:1055800000100240000801406C0002401C06002090
:1055900000480040000C014090F84230202B01D020
:1055A0000220704721B11AB10023036301F060BDEE
:1055B0000120704710B500680D4A0E49904207D18E
:1055C0004878FDF7EBFE0B490122491C0A4809E027
:1055D0000A4A90420AD1887800F0C2FB05490122AC
:1055E0000748891CBDE81040FFF7D6BF10BD00007A
:1055F000004800404C010020D40500200044004039
:105600008C0500202DE9F843044690F841009846A7
:1056100016460D46202802D00220BDE8F88385B149
:105620007EB100206064212084F84100FEF79CFADE
:10563000A6848146E684A0682027B0F5805F02D06A
:1056400003E00120E9E7206910B12E4600250EE0B5
:1056500000260CE08021204601F025FDA8B9C6B146
:1056600016F8010B21684860E08C401EE084E08C55
:105670004B464FF00002CDF800800028EAD14FF0F1
:105680004001204601F00FFD40B184F84170032035
:10569000C3E735F8020BC0F30800E3E784F8417074
:1056A0000020BAE770B5044690F84100202801D0E8
:1056B000022070BD49B342B32162A284E28400207B
:1056C0006064212384F84130A56B114BAB62A56B5C
:1056D000104BEB62A56B104B2B63A36B58632568D3
:1056E00013462A1DA06BFEF7FFF821686FF04000FB
:1056F00008602068143050E8001F41F0800140E845
:105700000012002AF5D1002070BD012070BD0000FC
:10571000416E0008836E0008F76D000870477047FF
:10572000FEE701684A69D24352050FD46FF48062E4
:105730004A61002140F8301F2022427381730269C0
:1057400042F004020261017301207047002070479B
:105750002DE9F84F0446006889460B9D016898467C
:10576000174641F4806101602068016841F480714E
:10577000016000954FF0011B0022594620460A9B0C
:1057800000F0E4F84FF4007A40B120680068C005EA
:1057900001D5C4F840A00320BDE8F88F216809F0C6
:1057A000FE0008612B46284920460A9A00F016F9A7
:1057B000F0BB20684169806900902A4620460A991A
:1057C00000F0A2F940B1206C04283AD120680168A9
:1057D00041F40071016034E0FEB2B8F1010F09D06C
:1057E0002168380A08612A4620460A9900F08CF997
:1057F0000028E8D1206806612A4620460A9900F070
:1058000083F90028DFD12068016841F480710160CC
:1058100000950022594620460A9B00F097F8002880
:10582000B3D1216809F0FF0040F00100086100E0F9
:1058300007E02B46044920460A9A00F0CFF80028DA
:10584000AAD00120A8E70000020001002DE9F843DA
:10585000044600680D46DDE908970168984616463B
:1058600041F4807101604B4600224FF00111204647
:10587000009700F06BF848B120680068C00502D5B9
:105880004FF4007020640320BDE8F883216805F020
:10589000FE0008613B464A461549204600F09EF846
:1058A00088B920684169806900903A464946204697
:1058B00000F02AF948B1206C042804D1206801685E
:1058C00041F4007101600120DEE7F5B2B8F1010F8B
:1058D00009D02168300A08613A464946204600F05E
:1058E00013F90028E7D1206805610020CCE700000B
:1058F0000200010070B516460D4604461EE0204623
:10590000FFF70FFF08B1012070BD681C16D0FEF72D
:105910002BF9801BA84200D885B920684069C04394
:1059200040070BD5002044F8300F20216173A0738D
:10593000216941F0200121612073E4E7206840697A
:10594000C0434007DBD4002070BD00002DE9F047C4
:10595000984617460D460446C1F30746DDF82090E9
:105960002AE000BFB8F1FF3F26D0FEF7FDF8A0EB1C
:105970000901414502D8B8F1000F1DD12068012E60
:1059800016D0806925EA00000004000C12D0002027
:10599000B84211D1002044F8300F20216173A07368
:1059A000216941F02001216120730120BDE8F087C9
:1059B0004069E7E70120EBE72068012E0AD0806903
:1059C00025EA00000004000C06D00020B842C9D02F
:1059D0000020EBE74069F3E70120F7E72DE9F04706
:1059E000984616460D4604464FF000094FF0200A2F
:1059F000C1F3074723E020684069C043400515D440
:105A00002068016841F40071016021686FF48060D2
:105A10004861C4F8309084F83DA084F83E90216C31
:105A200041F00401216484F83C9021E0701C06D010
:105A3000FEF79AF8A0EB0800B04203D816B1012F88
:105A40001FD021E02068012F15D0806925EA0000D1
:105A50000004000C18D000BF44F8309F84F80DA05B
:105A600084F80E90216941F02001216184F80C90A6
:105A70000120BDE8F087406925EA00000004000C21
:105A8000EAD12068406901E02068806925EA0000C9
:105A90000004000CAFD1ECE72DE9F0410025904661
:105AA0000E460446202728E04069C043C0060CD4B7
:105AB00054F8301B6FF01000486144F810596777B4
:105AC000A577206A2062257714E0FEF74DF8A0EB59
:105AD0000800B04200D886B920684069C04340063B
:105AE0000BD544F8305F6773A573206940F0200040
:105AF000206125730120BDE8F08120684169C94318
:105B00004906D1D40020F6E770B516460D46044686
:105B10001EE02046FFF705FE08B1012070BD681C9D
:105B200016D0FEF721F8801BA84200D885B920685E
:105B30004069C04300060BD5002044F8300F2021F7
:105B40006173A073216941F0200121612073E4E7B2
:105B500020684069C0430006DBD4002070BD00000F
:105B600010B5C8210348FAF754FD03480021C1705D
:105B7000817010BD2C0300204801002000487047B0
:105B8000F40300202DE9F0430D4606467119007814
:105B900011F8011CADF57F7D242862D1232960D145
:105BA0000024C421E84601A8FAF733FD31484FF438
:105BB00048710068009032A8FAF72BFD01200022FE
:105BC0006B1E0BE0315C2C2907D1611C3254C829B3
:105BD00002D24444471C6770CCB2401C9842F1DBAF
:105BE000641CE7B200240DF1C80907E018F80400AE
:105BF0003044FAF75BFC49F82400641CBC4201DA2B
:105C0000C82CF3DB022F2CD33298C0B2A84228D183
:105C10003398C4B2FDF7A8FF01221749012C0FD019
:105C2000022C1ED1062F1CD3349B4B82359B8B82BA
:105C3000369BCB820B83379B002B16DD012315E0AF
:105C4000062F0ED3349B4B80F0238B80359BCB806B
:105C5000379B002B01DD012300E000230B720A704B
:105C6000C8600DF57F7DBDE8F08300238B760A7454
:105C7000C861F6E70C8F0008F403002000B585B07A
:105C8000024607A16846FAF7D7FA6846FAF725FCF4
:105C900082B2642369460448FFF7B4FC05B000BD36
:105CA00025730D0A000000008C05002000B50D4989
:105CB00085B0012881F8200010D0022810D00AA158
:105CC0006846FAF7B9FA6846FAF707FC82B2642325
:105CD00069460848FFF796FC05B000BD06A1EFE74E
:105CE00008A1EDE7F40300204D4F44455F300D0A55
:105CF000000000008C0500204D4F44455F310D0A27
:105D0000000000004D4F44455F320D0A00000000C6
:105D100010B5FFF725FF24210448FAF77AFC034861
:105D2000002100F8201F417010BD0000F403002086
:105D30000448017819B1007A08B1012070470020A9
:105D400070470000F40300200448017C19B1807EF4
:105D500008B101207047002070470000F4030020C4
:105D600030B41349134D01234C782CB10022012C7F
:105D700008D04A7030BC70472428FBD128704B7083
:105D80000B70F7E70C782855641CE4B20C702328DC
:105D900008D0C82CEED38A70CA704A700A7030BC22
:105DA000FFF7DEBE8B70CC704A700A70E2E700002D
:105DB000480100202C03002070B5184E184C002517
:105DC000B07850B1F178A4F1C800FFF7DBFEB570F0
:105DD000FFF7C6FE012084F82100FDF7C5FE2278FA
:105DE0004FF47A712AB1E268821A8A4201D9257089
:105DF0002572227C2AB1E269821A8A4201D925746D
:105E0000A576E168421A4FF4FA618A4205D9E2693F
:105E1000801A884201D984F8215070BD48010020C1
:105E2000F40300201E4810B51C4A4FF06041C0E941
:105E300000121C4A4900C0E902121B4A4910C0E97D
:105E400004120021C0E90611C0E90811C0E90A11D5
:105E5000C0E90C11C0E90E11C0E910110F4A483019
:105E60004FF06041C0E900120E4A4900C0E9021239
:105E70000D4A4910C0E904120021C0E90611C0E929
:105E80000811C0E90A11C0E90C11C0E90E11C0E9FE
:105E90001011FDF769FE0549486010BD4D62503F85
:105EA000780100207493683F51B89E3F00000020A5
:105EB0002DE9FF5F96B024AD044695E88301D4E94F
:105EC00008230693089202F093FA3A46434602F0FA
:105ED0004FF9D4E9062301F08FFE07911290D4E91F
:105EE0001023384641460C930A9202F041F9CDE95D
:105EF0000001D4E90C939A464A4602F079FAD4E9B3
:105F00000E2309930E9202F073FAD4E9002301F0F4
:105F100073FE3A46434602F02BF9D4E90A2301F016
:105F20006BFE05460E46DDE900014A46534602F087
:105F300053FA04908B46DDE90001099B0E9A02F0AA
:105F40004BFA0B910090D4E902013A46434602F025
:105F50000FF90C9B0A9A01F04FFECDE90D10D4E920
:105F600004232846314601F047FE81468A46024610
:105F70000B462846314601F0FBFE074688464A4656
:105F800053460B99009801F0F3FE81468A46DDE9FD
:105F90001801079B129A02F02BFACDE90F103A462E
:105FA000434602F0E5F8079B129A01F025FEC4E98A
:105FB000060107911290DDE90F324846514602F082
:105FC000D7F8069B089A01F017FEC4E90801049867
:105FD00006902A4633463846414602F0C9F82A461A
:105FE000334602F0F9F9C4E90A015B4638464146F6
:105FF000069A02F0BDF85B46049A02F0EDF9C4E996
:106000000C012A4633464846514602F0B1F80B9B34
:10601000009A02F0E1F9C4E90E015B464846514698
:10602000069A02F0A5F8DDE90D3202F0D5F9C4E9CF
:106030001001079912981AB0BDE8F09F2DE9F041C0
:10604000254C86B00126206004A9CDE90016642500
:10605000334675220295D021FDF750FEC0BB9DF856
:106060001000682834D14FF0000803AF8DF80C8081
:106070000097CDE9016501236B22D0212068FDF74F
:106080006BFF28BB07208DF80C000097CDE9016558
:1060900001231922D0212068FDF75EFFC0B98DF8D9
:1060A0000C800097CDE9016501231C22D0212068D6
:1060B000FDF752FF60B98DF80C800097CDE90165BE
:1060C00001231B22D0212068FDF746FF002800D0C5
:1060D000012006B0BDE8F081000000202DE9FE435C
:1060E00090460D46064602AA01A9684600F0F2F85D
:1060F00004001AD1BDF9000002F0E2FB6FF00D07B9
:10610000394602F0A7FE3060BDF9040002F0D8FB6A
:10611000394602F09FFE2860BDF9080002F0D0FB6E
:10612000394602F097FEC8F800002046BDE8FE831D
:106130002DE9F04F8BB08946804607AA06A905A82D
:10614000FFF7CCFF28B909AA08A904A800F096F81F
:1061500018B10020C8F800007DE00799084602F059
:106160000FFC06990446084602F00AFC214602F09C
:1061700055FA01F0CDFC0146059801F067F9384D5C
:10618000294602F0FDFB02F01DFA364E364F32462C
:106190003B4601F0EDFD01F0FDFC07998346084602
:1061A00002F0EEFB05990446084602F0E9FB2146A1
:1061B00002F034FA01F0ACFC0146069801F046F911
:1061C000294602F0DDFB02F0FDF932463B4601F0C4
:1061D000CFFD01F0DFFC8246FDF7C6FC234D0446EF
:1061E0006868201A02F084FB214902F08BFAA0F5BE
:1061F0000001B1F17C5F00D91E486C6002F0E2F949
:1062000004460D46089802F0DDF906460F4658464A
:1062100002F0D8F902460B461748CDE90245CDE910
:106220000067FFF745FE01F0B5FCC8F80000264600
:106230002F46049802F0C6F904460D46504602F077
:10624000C1F902468DE8F0000B480B464838FFF7CD
:106250002FFE01F09FFCC9F800000BB0BDE8F08FE5
:1062600000003443182D4454FB2109400000002055
:1062700000007A440AD7233CC00100202DE9FE43E8
:1062800090460D46064602AA01A9684600F048F865
:10629000040019D1BDF9000002F012FB0C4F394681
:1062A00002F030FA3060BDF9040002F009FB394613
:1062B00002F028FA2860BDF9080002F001FB394617
:1062C00002F020FAC8F800002046BDE8FE83000076
:1062D0000000034370B50646104886B014460068B7
:1062E0000D4650B16423062203A98DE80E00012358
:1062F0003B22D021FDF702FD10B1012006B070BD98
:10630000BDF80C0040BA3080BDF80E0040BA2880BD
:10631000BDF8100040BA20800020EFE70000002008
:1063200070B50646104886B0144600680D4650B158
:106330006423062203A98DE80E0001234322D02105
:10634000FDF7DCFC10B1012006B070BDBDF80C00FB
:1063500040BA3080BDF80E0040BA2880BDF8100069
:1063600040BA20800020EFE700000020154808B563
:10637000416941F0010141614069002200F00100E2
:10638000009011460C20FDF71DFF0C20FDF70CFFBF
:10639000002211460D20FDF715FF0D20FDF704FF2B
:1063A000002211461020FDF70DFF1020FDF7FCFE26
:1063B000002211461120FDF705FFBDE8084011201D
:1063C000FDF7F2BE001002402DE9F04385B0002435
:1063D00021480094019402940394816941F02001C2
:1063E0008161816901F020010491816941F004011A
:1063F0008161816901F004010491816941F0080122
:1064000081618069DFF8548000F008004FF4704526
:106410000490002229464046FDF7A0FBDFF840909B
:106420004FF48057002239464846FDF797FB009508
:10643000022601250396CDE9015469464046FDF741
:106440009DFA00970396CDE9015469464846FDF749
:1064500095FA05B0BDE8F08300100240000C014041
:10646000000801400D4810B50B4901600C4941601E
:1064700000214FF480428160C0E9031241618161D3
:10648000C1610162FDF776FB002803D0BDE8104032
:10649000FDF7E0B810BD00000054004018040020D3
:1064A000801A060010B58AB0002428480494059488
:1064B0000694079408940994009401940294224944
:1064C000039401604721C0E901144FF6FF71C0E950
:1064D000031444618461FEF75DF908B1FDF7BAF871
:1064E0004FF48050049004A91848FEF7C1F908B190
:1064F000FDF7B0F81548FEF7C5FB08B1FDF7AAF89F
:10650000089408A911480994FEF710F908B1FDF79D
:10651000A1F80120CDE900400294082269460B4809
:106520000394FEF71DFB08B1FDF794F802200090DC
:1065300001900C2269460548FEF712FB002801D0A5
:10654000FDF788F80AB010BD002C01406C04002053
:1065500010B58CB024216846FAF75BF80024154882
:1065600009944FF080410A94C0E900144FF6FF717E
:10657000C0E90241046184610120CDE90004CDE954
:1065800002040494CDE9054007946946094808943B
:10659000FEF7DCF908B1FDF75DF8099409A9054893
:1065A0000A94FEF7C3F8002801D0FDF753F80CB0A9
:1065B00010BD0000B404002010B58EB00024079474
:1065C000089409940A940B941C2168460C94FAF7D9
:1065D00020F82348214901604721C0E9011440F215
:1065E000E731C0E903148461FEF7D4F808B1FDF780
:1065F00031F84FF48050079007A91948FEF738F991
:1066000008B1FDF727F81648FEF701FD08B1FDF7C0
:1066100021F80B940BA912480C94FEF787F808B1E7
:10662000FDF718F8602000903220CDE90104002227
:1066300069460B480494FEF784FC08B1FDF70AF89C
:106640000422694606480194FEF77BFC08B1FDF779
:1066500001F80348FEF74EFC0EB010BD00040040E8
:10666000FC04002010B58CB024216846F9F7D1FF56
:1066700000241548099413490A94C0E900144FF600
:10668000FF71C0E90241046184610120CDE9000489
:10669000CDE902040494CDE90540079469460A480F
:1066A0000894FEF753F908B1FCF7D4FF099409A93F
:1066B00005480A94FEF73AF8002801D0FCF7CAFF13
:1066C0000CB010BD00080040440500200C4810B577
:1066D0000A4901604FF4E1314160002181600C22E0
:1066E000C160C0E904128161C161FEF75DFE00284E
:1066F00003D0BDE81040FCF7ADBF10BD0044004022
:106700008C0500200C4810B50A4901604FF4165161
:106710004160002181600C22C160C0E904128161E6
:10672000C161FEF741FE002803D0BDE81040FCF730
:1067300091BF10BD00480040D4050020FEE700696D
:106740007047000010B53C210B48FEF797F93C213B
:106750000A48FEF793F9084900200968486207498A
:1067600009684862FDF700FA05498861FDF7FCF900
:1067700003491C31886110BD44050020B404002089
:10678000DC00002070B50D480024006844620C480D
:10679000006844620B4D6C60AC60EC602C616C6115
:1067A000FDF7E2F9A8611C356C60AC60EC602C610F
:1067B0006C61FDF7D9F9A86170BD000044050020A7
:1067C000B4040020DC0000202DE9F84FFDF7CCF9DF
:1067D000064651480068406A504D4FF4004ACAF1DD
:1067E000000B6968441A544502DBA4F5803403E0C9
:1067F0005C4501DC04F58034A9682144C5E9010148
:10680000A869301A02F074F8454901F07BFFDFF8FF
:106810001481454FDFF814910146B0F5000F2BDBD2
:10682000384601F06FFF0090204602F049F84146DB
:1068300001F068FF0446009902F0A2F83C4901F01B
:1068400061FF4946E86002F09BF8394601F05AFFC3
:106850002861204601F0B6FE364A374B01F088FC2D
:106860000022364B01F084FA01F094F90146686980
:1068700001F0D4FEC5E9050631480068416A274C9D
:106880001C346068081A504502DBA0F5803003E034
:10689000584501DC00F58030A268C0F1000A101AEA
:1068A000C4E90110A069301A02F022F81C4901F075
:1068B00029FF0146B0F5000F2CDB4546384601F0B4
:1068C00021FF8046504601F0FBFF294601F01AFFE8
:1068D0000546414602F054F8154901F013FF4946B8
:1068E000E06002F04DF8394601F00CFF20612846C7
:1068F00001F068FE0F4A104B01F03AFC00220F4BEA
:1069000001F036FA01F046F90146606901F086FEB1
:10691000C4E90506BDE8F88F44050020DC0000202E
:1069200000007A440000504200007042BA1A513E02
:106930000000F041CC3D95418386694000003E4017
:10694000B4040020FEE770477047FDF7D5BB30B5B3
:106950008FB028216846F9F75CFE14210AA8F9F7E0
:1069600058FE01210804CDE90010002402940225FC
:106970000491CDE907504FF4E01009906846FDF707
:106980002FFD08B172B6FEE70F20CDE90A054FF4DE
:106990008060CDE90C4002210AA80E94FDF744FC6A
:1069A000002801D072B6FEE70FB030BD704700007E
:1069B00010B500210548FEF759FB04210348FEF7F6
:1069C00055FBBDE8104000F091B80000FC04002029
:1069D00010B50C460146054800F032F82146034840
:1069E000BDE81040183000F02BB80000180100205E
:1069F00010B5044689B1012913D0022915D0032905
:106A00001CD1A18801222068FDF7A8F8A189A068FF
:106A10000122BDE81040FDF7A1B8A188012220683D
:106A200006E0A18800222068EEE7A1880022206805
:106A3000FDF794F8A1890022A068EAE710BD0000E4
:106A400070B506460C4640F2B630274D41428442AE
:106A500002DD0446B08207E08C4202DA0C46B182C5
:106A600019E0B482002C15DD4FF000013046FFF72D
:106A7000BFFF306930B1042807D00828286807D044
:106A8000046470BD2868446370BD2868846370BD69
:106A9000C46370BD10DA01213046FFF7A9FF3069E9
:106AA00030B1042806D00828C4F1000018D00EE048
:106AB00060420FE0604210E002213046FFF798FF8D
:106AC0003169002031B1042907D0082908D029688C
:106AD000086470BD2968486370BD2968886370BD0B
:106AE0002968C86370BD0000FC04002010B50021B7
:106AF0000448FFF7A5FF03480021BDE81040183007
:106B0000FFF79EBF180100200148FEF75BB90000A7
:106B10006C040020F0B50268194B1A4C1A4D4FF066
:106B20008047984205D0B84203D0A04201D0A84285
:106B300003D122F070064A683243984205D0B84229
:106B400003D0A04201D0A84203D122F44074CA6805
:106B500022434C6922F08002224302608A68C262AA
:106B60000A688262984201D1096901630121416189
:106B70000169C90703D0016921F001010161F0BD7C
:106B8000002C0140000400400008004010B501F056
:106B90001F030121046A99408C430462016A9A40F0
:106BA0001143016210BD10B5846842EA032224F447
:106BB0007F440A432243826010BD826822F0700243
:106BC0000A4342F0070181607047000030B5036A54
:106BD000026A22F0010202624268846924F07305AD
:106BE0000C682C4323F002058B682B430A4DA84206
:106BF0000BD123F00805CB6822F440722B434D697A
:106C000023F0040315438A692A434260846149687A
:106C10004163036230BD0000002C014030B5026AC0
:106C2000036A23F010030362436884690D6824F447
:106C3000E64444EA05248D6822F0200242EA051267
:106C40000B4DA8420ED1CD6822F0800242EA051217
:106C50004D6923F4406343EA85038D6922F04002C5
:106C600043EA85034360846149688163026230BD01
:106C7000002C014030B5036A026A22F4807202627D
:106C80004268C46923F4007324F073050C682C4334
:106C90008D6843EA05230C4DA8420ED1CD6823F43C
:106CA000006343EA05234D6922F4405242EA05128B
:106CB0008D6923F4806342EA05124260C461496829
:106CC000C163036230BD0000002C014030B5046A8E
:106CD000026A22F4805202624268C3690D6823F49A
:106CE000E64343EA05238D6824F4005444EA05345E
:106CF000064DA84204D14D6922F4804242EA851231
:106D00004260C36149680164046230BD002C0140E7
:106D100010B5036A046A24F001040462846924F053
:106D2000F00444EA021423F00A020A438461026276
:106D300010BD000070B5056A046A24F00104046205
:106D400084690F4EB04208D0B0F1804F05D00D4E8F
:106D5000B04202D00C4EB04203D124F003041443DD
:106D600001E044F001041A0724F0F00444EA12623E
:106D700025F00A0301F00A0119438261016270BD26
:106D8000002C0140000400400008004010B5036AD8
:106D9000046A24F010040462846923F0A00324F43C
:106DA000704444EA023243EA01118261016210BD7B
:106DB00030B5046A056A25F010050562856925F479
:106DC000407545EA022222F470454FF6FF7202EA4E
:106DD000033224F0A0032A43A02404EA011119433A
:106DE0008261016230BD10B5406A0021C185C18455
:106DF000FEF7A2F910BD70B5446A2068406994F8A6
:106E00004110C0F3C0100025212904D118B1E58438
:106E1000204600F062F82068406994F84210C0F300
:106E20008010222904D118B1E585204600F02EF803
:106E3000606C40F0100060642046FEF77DF970BD84
:106E400010B50146406A09680968890616D4002110
:106E5000C1840168143151E8002F22F0800241E81A
:106E60000023002BF5D101680C3151E8002F42F0CE
:106E7000400241E80023002BF5D110BDFEF74EFC87
:106E800010BD10B5406AFEF74AFC10BD01680C3118
:106E900051E8002F22F4907241E80023002BF5D135
:106EA0000168143151E8002F22F0010241E800236B
:106EB000002BF5D1016B012909D101680C3151E892
:106EC000002F22F0100241E80023002BF5D12021F1
:106ED00080F8421000210163704701680C3151E8CD
:106EE000002F22F0C00241E80023002BF5D1202121
:106EF00080F84110704708B590F84210222901D05F
:106F0000022008BD82684FF480539A4201D1016982
:106F100021B1816A9A421BD04AB10AE00268816AB3
:106F20005268C2F308020A80816A891C08E002697B
:106F300072B10268526802F07F020A70816A491CCD
:106F40008162C18D491E0904090CC18503D01BE073
:106F500002685268F1E70168CA6822F02002CA603C
:106F60000168CA6822F48072CA6001684A6922F026
:106F700001024A61202180F8421000214163026B26
:106F8000012A03D0FEF716FB002008BD016301684B
:106F90000C3151E8002F22F0100241E80023002BB1
:106FA000F5D101680A68D20602D50A6849680091DD
:106FB000818DFEF7C0F8E7E770B504460068016907
:106FC000E26821F44051114301612169A06808433E
:106FD000616908432168CA6841F20C639A4302431D
:106FE000CA6020684169A26921F44071114341617E
:106FF0001E492068884202D1FDF7BCF901E0FDF787
:10700000A9F900EBC00101EB001260686421800067
:10701000B2FBF0F3B3FBF1F36FF018067343B2FB6E
:10702000F0F5B2FBF0F605EB8305322303EB051513
:10703000B5FBF1F5B6FBF1F605F0F00505EB06152D
:10704000B2FBF0F6B2FBF0F0B0FBF1F06FF018021B
:10705000504306EB800003EB0010B0FBF1F0216819
:1070600000F00F002844886070BD00000038014027
:1070700081628285C28500214164222180F842100C
:10708000016921B10168CA6842F48072CA6001686E
:107090004A6942F001024A610068C16841F020017A
:1070A000C160002070472DE9F843984617460D4609
:1070B0000446089E24E0701C22D0FCF755FDA0EB8E
:1070C0000800B0421AD8CEB12068C168490717D568
:1070D000802D15D0402D13D00168C94309070FD466
:1070E00001680025406800902046FFF7CFFE082089
:1070F000606484F840500120BDE8F8830320FBE77A
:107100002068006835EA000004D00020B842D2D0E0
:107110000020F1E70120F9E70148FEF70FB8000071
:107120008C0500200148FEF709B80000D4050020B6
:107130000148006870470000F402002010B50022EA
:107140004FF480510B48FCF709FD0B490B4C002014
:1071500004EB8002401CD1610528F9DB08210848B6
:10716000FDF7BEFD0C210648FDF7BAFD0020207199
:1071700010BD0000000801400000C843F4020020D8
:107180006C0400202DE9F047254C2079002845D1DA
:10719000012020710025257584F83150FCF7E4FCAE
:1071A0006063204800684562DFF87CA04FF4805996
:1071B000012249465046FCF7D1FC1C4F1C4E4FF0B3
:1071C000E02538686969B0FBF6F0AA69891AB1FB55
:1071D000F0F4FCF7C9FC00EB4001C1EBC01004EB7C
:1071E000C004B84614F10A04D8F800006969B0FB7D
:1071F000F6F0AA69891AB1FBF0F7FCF7B5FC00EBD1
:107200004001C1EBC01007EBC000A042ECD34946DF
:107210005046BDE8F0470022FCF7A0BCBDE8F0876F
:10722000F40200206C04002000080140140100203A
:1072300040420F0070B51E4C207918B1002501287E
:1072400004D02EE0BDE87040FFF79CBF94F83100F9
:10725000C8B1206901F04CFB164901F091FB4FF0D9
:10726000FF3101F0F7FDA0F18041B1F1727F04D848
:10727000206001202075257102E025750320207112
:1072800084F831500DE0FCF76FFC616B401A322836
:1072900007D90220207108482060257584F83150F4
:1072A00004E02079032801D0022800D1257170BDA7
:1072B000F402002096430B3D0000C843FEE749005E
:1072C00050EAC12018BF04204A0D18BF40F0010049
:1072D00040F2FF72B2EB515F08BF40F0020001289C
:1072E00008BF052070474100080218BF04200A0E9D
:1072F00018BF40F001004FF07F4232EA010108BFA1
:1073000040F00200012808BF052070470907090E58
:10731000002804DB00F1E02080F80014704700F042
:107320000F0000F1E02080F8141D704740F2013298
:1073300000204FF0E04101F05FBD0000024A002054
:10734000110701F059BD000001FDFFFF01F066B912
:107350006FF05E01080701F07DBD10B50446D1E96C
:10736000000100F003F8206010BD0000F8B50446ED
:107370000D466A4600F0D2F900987E300090002851
:107380001EDC002213462046294600F049FE17D095
:10739000002140F608004FF000000646204629462E
:1073A00000F0F8FB044640F6080006EA00014FF042
:1073B000000034F0004004BF0220F9F79EF929E0F4
:1073C0000098FF2828DB002108464FF0000000F459
:1073D0004006002213462046294600F0C7FF8CBF16
:1073E000002501250220F9F788F94FF0FF4446B146
:1073F000002D0CBF4FF400004FF48000B04218BFC6
:10740000084C042108464FF00000002D04BF84F012
:107410000040F8BD2046F8BD20462946BDE8F840AA
:1074200000F0B8BBFFFF7F7F10B504460A46D4E9E1
:107430000003194600F09EF9C4E9000110BD303880
:107440000A2801D201207047002070472DE9F0473B
:107450004FF0684202EB40030C460546B3F1654F1E
:107460003CBF02EB4102B2F1654F80F0CD8000BF1E
:10747000C0F3C752C1F3C753D21A1B2A06DD10F05E
:10748000004F14BF87488848BDE8F08712F11A0FF3
:107490002FDA11F0004F06D010F0004F0CBF8348D8
:1074A0008348BDE8F0872146284601F02BF90646BF
:1074B000FFF719FF042808BFFFF74AFF2846FFF728
:1074C00012FF05462046FFF70EFF04463046FFF741
:1074D0000AFF042D18BF052D08D1042C18BF052C58
:1074E00004D1002804BF0220F9F707F93046BDE8AF
:1074F000F0874200B2EB410F25D910F0004F19BFC1
:107500006C4F6D4E6D4F6E4E224685F00044154611
:107510000A4680F0004110460A1A5200B2F1807FFC
:107520003ED248406749DFF8A0A110F0004F18D0C4
:107530004FF03F48384601F0B3FB0746514630460E
:1075400001F0AEFB17E011F0004F04BF00263746F4
:10755000E2D010F0004F19BF5C4F5D4E5D4F5E4EA4
:10756000DAE74FF07C58384601F058F807465146A4
:10757000304601F053F806464146284601F000FA2D
:10758000214601F04BF882462146404601F0F8F9C9
:10759000294601F0F2FA514601F0B4F8044604E03D
:1075A0002146284601F0AEF80446014601F0E8F90C
:1075B00080464A4901F0E4F9494901F02FF8414673
:1075C00001F0DEF9474901F029F8414601F0D8F908
:1075D000454901F023F8414601F0D2F9434901F051
:1075E0001DF805464146204601F0CAF9294601F03A
:1075F000C7F9314601F012F8214601F00FF839467B
:10760000BDE8F04701F00AB84FF07F42B2EB400FFF
:1076100028BFB2EB410F03D2BDE8F047FFF796BE9B
:1076200040EA01035B0008BF44F0FF410AD0B2EB1F
:10763000400F08BFB2EB410F06D125F0804024F087
:10764000804105460C4613E7B2EB400F12BF5FEADC
:10765000410345F0FF4004F000413FF409AFB2EBB5
:10766000410F12BF5FEA400205F0004044F0FF41C5
:107670003FF4FEAE4A0092EA40033FF5F9AE002A1D
:10768000ACBF4FF09F464FF03E56314601F078F9BF
:1076900005463146204601F073F904462846214646
:1076A000E6E60000DB0FC9BFDB0FC93FDB0F494037
:1076B000DB0F49C00000C9BF22AAFDB90000C93FC5
:1076C00022AAFD390060ED3EC30ACE37000049C052
:1076D00022AA7DBA0000494022AA7D3A2DAD65BD9F
:1076E0008FB8D53D0FB511BE61C84C3EA8AAAABE41
:1076F00030B583B00446F8F7FBFF05460020CDE91E
:107700000000024621466846F9F772FD2846F8F760
:10771000F4FFDDE9000103B030BD000010B51446F0
:1077200000222260114A21F000439342A8BF10BDFD
:1077300053EA000208BF10BDB3F5801FA8BF22683E
:1077400007DA362201F058FB6FF0350221F00043D2
:107750002260DFF81CC06FF31E510CEB23531A4458
:1077600041F0FF5141F00051226010BD0000F07F58
:1077700002FCFFFF2DE9F04106460C4640F2FF7582
:10778000174635EA14502BD000221346304600F03D
:1077900047FC25D03A463046214601F02DFB0646EF
:1077A0000C4635EA145010D000221346304600F043
:1077B00037FC15D10220F8F7A0FFFFF7BFFD0A46FE
:1077C000214662F31E01BDE8F0810220F8F795FF23
:1077D000FFF7ACFD0A46214662F31E01BDE8F081C9
:1077E00030462146BDE8F081B2B0FCF78DFCFFF7D2
:1077F000AEF8FEF7E9FDFEF7B9FDFEF783FFFEF7F1
:1078000031FEFEF74FFEFEF7A3FEFEF7D5FEFEF7B4
:107810005DFFFEF727FF012266496748FDF7BCFEC2
:107820006420FCF799F8FBF7E9FD62490122491E43
:107830006248FDF7B1FE62A16846F8F7FDFC6846B4
:10784000FBF728FE6420FCF787F86748FEF7F6FB95
:1078500050B166A16846F8F7EFFC6846FBF71AFEE0
:107860006420FCF779F80BE069A16846F8F7E4FCBE
:107870006846FBF70FFE6420FCF76EF8FEF7D2FABD
:10788000FFF796F86CA16846F8F7D6FC6846FBF758
:1078900001FE6420FCF760F8FEF754FF6FA1684614
:1078A000F8F7CAFC6846FBF7F5FD6420FCF754F8CE
:1078B000FFF744FC71A16846F8F7BEFC6846FBF789
:1078C000E9FD6420FCF748F8FAF7ECFE74A168467D
:1078D000F8F7B2FC6846FBF7DDFD6420FCF73CF8E6
:1078E0003548FEF715FA012232493348FDF754FEB8
:1078F00073A16846F8F7A0FC6846FBF7CBFD64204F
:10790000FCF72AF82B4D0120AD1E76A128706846A1
:10791000F8F792FC6846FBF7BDFD6420FCF71CF805
:10792000FCF722F96860FCF71FF9A860FCF71CF966
:10793000E860FCF719F92861FCF716F96861FCF7B3
:1079400013F9A86128780028FCD0FCF70DF904464B
:107950006E4890F82E0030B1A869201A142802D37E
:10796000AC61FEF729FA6868201A052802D36C601A
:10797000FBF7ACF8A868201A0A2802D3AC60FEF71F
:1079800023FFE868201A322802D3EC60FFF752FC8C
:107990002869201A142802D32C61FBF71BFE6869A2
:1079A00040F6B831201A8842CCD36C61FBF786FDD3
:1079B000C8E700004E0100208C050020D4050020FF
:1079C000426C7565746F6F746820436F6D6D756E72
:1079D00069636174696F6E20696E697469616C694D
:1079E0007A6564210D0A0000180400204D505536B8
:1079F00030353020696E697469616C697A617469C7
:107A00006F6E206661696C6564210D0A00000000DC
:107A10004D50553630353020696E697469616C6936
:107A20007A6174696F6E20737563636573736675CD
:107A30006C210D0A00000000544236363132204DD0
:107A40006F746F722044726976657220696E697412
:107A500069616C697A6564210D0A00004D6F746F6D
:107A60007220456E636F6465727320696E69746914
:107A7000616C697A6564210D0A000000556C7472AE
:107A800061736F6E69632073656E736F7220696EC8
:107A9000697469616C697A6564210D0A00000000EF
:107AA00042616C616E636520436F6E74726F6C200F
:107AB000696E697469616C697A6564210D0A0000F8
:107AC0004B32333020566973696F6E204D6F647589
:107AD0006C6520696E697469616C697A6564210DF1
:107AE0000A0000000D0A3D3D3D2042616C616E635D
:107AF0006520526F626F742053797374656D2052E4
:107B000065616479203D3D3D0D0A0000A400002020
:107B100070B5054601F03CF8044620F00040C0F185
:107B2000FF40C00F08D025F00040C0F1FF40C00F5B
:107B300004BF0120F8F7E1FD204670BD10B5002913
:107B40000AD00878002807D005487844F8F788FD5F
:107B5000002801D0002010BD0248784410BD00006C
:107B6000A61500009E15000010B500290AD008785F
:107B7000002807D005487844F8F772FD002801D0A6
:107B8000002010BD0248784410BD0000961500008A
:107B90008E15000021F00042A2F16052B2F5801F64
:107BA00001F0004328BFD2F17F6C0BD95FEA001CC3
:107BB00043EAC20242EB507018BF704728BF20F062
:107BC00001007047B2F5801FBCBF184670474FEAEE
:107BD000410C1CF5001F02D2084600F098BF70B59A
:107BE00000F070FB00000089FFF7F6BF4FF0004087
:107BF000A0F580007047000010B591EA030F48BF60
:107C000083F0004300F1FC83841A71EB030C05D26E
:107C1000121943EB0C03001B61EB0C01DFF824E1AC
:107C20004FEA1154A4EB135C1EEA430F18BF9EEAFF
:107C3000445F73D023EA0E03DCF1200E21EA0451E5
:107C400043F4801332D322FA0CFE10EB0E0023FA19
:107C50000CFE41EB0E01CCF1200E03FA0EFE10EBF0
:107C60000E0051F10001B1F5801FCCF1200E32D28F
:107C700001EB045112FA0EF2BDE8104058BF7047F4
:107C8000401C38BF5FEA420218BF7047002814BF8B
:107C900020F0010041F100014FEA410313F5001FFC
:107CA00038BF7047A1F1C04100F05ABB012A43EB35
:107CB0000302ACF1200CDCF11F0E32BF4FF0000EBE
:107CC00023FA0CF310EB030041EB0451B4EB115F0A
:107CD000D0D0A1EB045101F5801149085FEA3000D2
:107CE00001EB04510ED350F1000038BF12FA0EFE22
:107CF00008D1BDE81040C9E7401C38BF5FEA420226
:107D0000CAD1C3E7BDE810404FEA410313F5001F95
:107D100038BF7047A1F1C04100F022BB9EEA445F2A
:107D200008D011EA5E0FBDE8104004BF01F0004129
:107D300000207047BDE8104070B500F0C3FA00BFE6
:107D400064FBBE3E0000E0FF02494FF0000001F07E
:107D500021B800BF0000F87F491058BFC1F1404171
:107D60005B1058BFC3F140438B42EFF30080704774
:107D70002DE9C04130B4DFF8A0C23CEA111418BFAD
:107D80003CEA131400F0EC8081EA03051CEA1114AC
:107D900044EAD57418BF1CEA131500F0C780A4EBA1
:107DA00005044FF0004545EAC12145EAC32341EAF5
:107DB000505143EA525304F17F74994204F5003460
:107DC0004FEAC0204FEAC22208BF904200F09C80D8
:107DD0004FEA13650FF24016765D4FEA134506FB36
:107DE00005F7C7F1807706FB07F74FEAD737A7FB00
:107DF00003687642C8F58038A7FB06CE38BFA8F1E5
:107E0000010807FB08E64FF0000EA6FB028CE6FB1C
:107E100003CEDCF1000CCEF1004E38BFAEF1010E06
:107E2000A6FB0C584FF000074FF00005E6FB0E874D
:107E3000A1FB08C6A0FB07CE16EB0E0645F1000518
:107E4000E1FB076515F1E04E7EBFA4F580345FEAE3
:107E500046066D4116F1800745F100054FEA1727E8
:107E60004FEA066647EA0567A6F1DE46B6F1805F8F
:107E70004FEA15251FD9384624F0010C05EBC471D3
:107E8000BCF1FE6F01EB0C1102D8F0BCBDE8008123
:107E900024425CBF01F5801E9EEAC47F02D4F0BC80
:107EA000BDE80081244238D4F0BCA1F1C041BDE856
:107EB000004100F055BA4FEAD22242EA43524FEA5B
:107EC000D323A7FB02864FEAD02040EA415007FBAC
:107ED00003661EEA0E0F4FEAD12105FB026658BF6A
:107EE000A6EB0056B6EB00564FEA520E4EEAC37EA2
:107EF00018EB0E0E56EB530EBDD518EB02085E4183
:107F00007F1C55F10005B6E74FF480154FF00007D0
:107F10004FF000064FF00008ADE7F0BC4FF0000056
:107F200001F1C04101F00041BDE8008111EA0C1FE0
:107F30000CEA131500D00CE013EA0C1F00F02580AA
:107F40004FF00000F0BC81EA030101F00041BDE800
:107F50000081F0BCBDE8004181EA030100F000BAF5
:107F6000F0BCBDE8004170B500F0ACF9097EFC3E04
:107F700000F007B881EA03014FF0000001F0004172
:107F8000704781EA030100F0EBB9F0BCBDE80041A5
:107F90004FF0000021497047FFFDFBF9F7F5F4F2BF
:107FA000F0EEEDEBE9E8E6E4E3E1E0DEDDDBDAD894
:107FB000D7D5D4D3D1D0CFCDCCCBCAC8C7C6C5C4F2
:107FC000C2C1C0BFBEBDBCBBBAB9B8B7B6B5B4B309
:107FD000B2B1B0AFAEADACABAAA9A8A8A7A6A5A4F4
:107FE000A3A3A2A1A09F9F9E9D9C9C9B9A999998B8
:107FF0009797969595949393929191908F8F8E8E5B
:108000008D8C8C8B8B8A89898888878786858584E7
:1080100084838382828181800000FF070000F87FD3
:1080200051EA030C17D41CF5801F58BFBCF5801F04
:1080300000F10680994218BF704708BF9042704710
:1080400007D711F5801F58BF13F5801F19D4994227
:108050007047894270471CF5801F08D5BCF5801F0A
:10806000F7D58B4218BF704708BF824270474FF464
:10807000001C1CEB410F38BF1CEB430F01D28B429D
:10808000704770B500F01EF9922449004FF000517E
:108090004FF08053FFF760BE4FEA41034FEA53535E
:1080A000A3F58063D3F11E03C8BFD3F1210C0CDD0F
:1080B0004FF0004242EAC12242EA505232FA03FC37
:1080C0008CEAE17CACEBE1707047102BC4BF002060
:1080D000704703F5787CBCF1FF3F04D06FF000429D
:1080E00082EA2100704770B500F0ECF849922480D4
:1080F00000207047F2E7000051EA030C17D41CF58A
:10810000801F58BFBCF5801F00F10680994218BF40
:10811000704708BF9042704707D711F5801F58BFBE
:1081200013F5801F19D499427047894270471CF596
:10813000801F08D5BCF5801FF7D58B4218BF70474C
:1081400008BF824270474FF4001C1CEB410F38BF40
:108150001CEB430F01D28B42704770B500F0B2F8B0
:10816000922449004FF000514FF08053FFF7F4BDC7
:10817000DFF848C170B51CEA111E1EBF1CEA1315BA
:108180009EEA0C0F95EA0C0F00F06F8081EA030461
:1081900023EA4C134EEAD47E21EA4C1141F48011BB
:1081A00043F48013AE44A1FB024CA0FB0365AEF187
:1081B0007F7E361955EB0C05A1FB034C4CF10003F7
:1081C000A0FB021C16EB0C06654153F100030942AB
:1081D00018BF46F0010613F4007F0BD14FEA0331BC
:1081E0004FEA0530340341EA155140EA16506FF06A
:1081F00003020AE04FEAC3214FEAC520F40241EA34
:10820000555140EA56506FF0020202EB2E4201EB4C
:10821000025585EACE710AD05FEA440C18BF24F0FB
:10822000004450F1000041F1000120EAD47040F216
:10823000FE7C624500D270BDA84214BF4FF080445E
:108240004FF04044002E08BF0024BEF1806FA8BF4D
:10825000A1F1C041BDE8704080F282804FF0000083
:1082600001F1C04101F0004170479EEA0C0F0CEA99
:10827000131518BF95EA0C0F06D04FF0000081EAE5
:10828000030E0EF0004170BD00F01CF88900013EA5
:1082900000F007B800F009B84FEA430C5FEA5C5CF5
:1082A00008D081EA030100F05BB84FEA410C5FEAB5
:1082B0005C5CF6D14FF00000014970470000FF07F9
:1082C0000000F87F0EF1020E2EF0030E5EF8046B34
:1082D000364205D4012A43EB030515F5001F12D8D9
:1082E000012841EB010C1CF5001F0CD80ED14FEA00
:1082F000D17C15F5001F0CEB4C0C0CF1020C08BFE7
:108300004CEBD37C04E04FF0080C01E04FEAD37C47
:108310000CEB4C0526FA05F606F00706B6F1040C40
:1083200006D20EEB860CBDE870404CF0010C6047A5
:10833000DFE80CF0090B02024FF000414FF00000A3
:10834000A1F5002170BD19461046012851EB01042A
:1083500018BFD4F5001484BF002001F0004170BDA7
:108360000808A0F500114FEA3101704753EA010CEB
:1083700017D41CF5801F58BFBCF5801F00F1068084
:108380008B4218BF704708BF8242704707D713F56A
:10839000801F58BF11F5801F19D48B4270479B4234
:1083A00070471CF5801F08D5BCF5801FF7D5994292
:1083B00018BF704708BF904270474FF4001C1CEB79
:1083C000430F38BF1CEB410F01D2994270470FB4E5
:1083D0000CBC03BCFFF7C1BE91EA030F10B581F0DE
:1083E00000413FF511AC83F0004300F009B80000F4
:1083F00010B591EA030F48BF83F000433FF504AC8A
:10840000841A71EB030C07D212198CF0004C43EB69
:108410000C03001B61EB0C01DFF8A4E14FEA1154DF
:10842000A4EB135C1EEA430F18BF9EEA445F00F002
:10843000B08023EA6E03524221EA0451C3EB6E037B
:1084400038BF5B1EDCF1200E25D322FA0CFE10EBA8
:108450000E0043FA0CFE41EB0E01CCF1200E03FAA4
:108460000EFE10EB0E0051F10001CCF1200E29D4CC
:1084700012FA0EF201EB0451BDE8104058BF7047EC
:10848000401C1CBFB2F1004F704700280CBF491CB4
:1084900020F00100704712EB020E43EB030218BFFD
:1084A0004FF0010E4EEA4202ACF1200CDCF11E0E40
:1084B00054D943FA0CFE10EB0E0051F1FF31CCF110
:1084C0001E0ED5D50EF1010E12FA0EFE404141EB03
:1084D000010101EB445C5FEA5C5C10D910EBDE70DB
:1084E00001EB045138BFBEF1004FBDE8104018BF8A
:1084F000704700280CBF491C20F00100704730D2A3
:108500004FEAD42C11F5001124F400641BD0B1FA09
:1085100081F20B3AA41AA41ED2F12003914030FA42
:1085200003F31943904001EBCC71002C01EB045193
:10853000BDE81040A8BF704701F1C0414FF00000F6
:1085400001F000417047B0FA80F310FA03F100D156
:1085500010BDE41A173C4805C90AE4E701EB0451D1
:1085600010BD491001EB0451BDE810404FEA300046
:1085700002E04FF0000170474A0008BF0042F8D007
:10858000B2F5001F28BF704701F000414FF0000016
:1085900070479EEA445F07D011EA5E0FBDE81040C5
:1085A00004BF002100207047BDE8104070B5FFF700
:1085B00089FE00BF40DFF63E83F000411046704761
:1085C0000000E0FF43004FEAD30C4FEA3C0C43406D
:1085D0001FBF40070CF1605113F0FE4F70471CF0B5
:1085E000006F03D100200CF0004170470CF00043F5
:1085F00043EA507010B540EACC0000F042FA00BFE8
:10860000000000924FEA0001FFF7AABE4FF00041C0
:108610004FF00000A1F500217047000090EA010F23
:1086200048BF81F0004100F14283421A3CBF801AEA
:1086300089184FEAD0524FF07F4C1CEA410FA2EB51
:10864000D15318BF9CEA026F00F03B804FF0004C02
:108650004CEA00204CEA012121FA03FC10EB0C0C3F
:108660001ED202F1FF325FEA1C2040EBC25038BF3D
:1086700070471CF07F0F4FEA400C18BFBCF17F4FD2
:1086800038BF7047C3F12003994008BF20F00100B4
:10869000BCF17F4F38BF7047A0F1C04000F037BA3F
:1086A0004FEA3C00000A40EBC25028BF1CF0FF0F0D
:1086B0004FEA400CE6D018BFBCF17F4F38BF70477F
:1086C000EAE79CEA026F05D010EA5C0F08BF00F0F1
:1086D0000040704710B500F0D4F900BF64FBBE3E07
:1086E000014800F057BB00BF0000C07F401058BFDA
:1086F000C0F14040491058BFC1F140418142EFF301
:10870000008070474FF47F0C1CEAD0121EBF1CEA99
:10871000D11392EA0C0F93EA0C0F00F0858090EAD7
:10872000010F48BF42F4807240F4000C41F4000095
:108730002CF07F4120F07F4000B58142A2EB030284
:108740000FF2081CACEB504EC0F100009EF800E0A8
:108750004FEA4E0E00FB0EFC38BF49004FEA2C1CBE
:1087600002F5FA020CFB0EF34FEACE1E4FEA112C73
:108770004FEAC1210EEB635E42EB22420EFB0CFC82
:108780004FEA1C5300FB03114FEA112C4FEA013151
:108790000EFB0CFC4FEADC4C00FB0C11C14228BF65
:1087A00009184CEB03335DF804EB10EB410143EB8C
:1087B000C250B2F57C0F38BF704729D512F0F00FC8
:1087C0001CBF00F1C04000F0004070470081828370
:1087D0008485868788898B8C8D8E8F9192939596D0
:1087E00097999A9C9D9FA0A2A3A5A7A8AAACAEB05A
:1087F000B2B3B5B7B9BCBEC0C2C5C7C9CCCED1D45F
:10880000D7D9DCDFE2E6E9ECF0F3F7FAFE0000008E
:108810004FEA400C0CF1807CBCF17E4F28BF7047C2
:10882000B0F1C04000F073B990EA010F0CEAD11327
:1088300048BF42F48072624538BF634507D213F4E3
:108840007F0F16D080EA010000F00040704710B59D
:1088500000F017F9097EFC3E00F005B880EA01003F
:1088600000F00040704780EA010000F0004000F096
:108870004EB912F47F0F04BF0248704780EA01002E
:1088800000F045B90000C07F41000B0ED3F19E02FD
:1088900008D950F400034FEA032323FA02F048BF3B
:1088A0004042704710B500F0ECF800BF49922480B8
:1088B000002070476FF0004282EA200070470000FD
:1088C00010F0004148BF4042B0FA80F310FA03F2C2
:1088D000C3F19D030BD051EAC35101EB12205306A3
:1088E00038BF704700F1010008BF20F00100704759
:1088F000B0FA80F310FA03F2C3F19D030AD0D90550
:1089000001EB1220530638BF704700F1010008BF89
:1089100020F001007047000050EA010C00F11380C4
:108920001CF5000F58BFBCF5000F01D488427047FA
:1089300007D710F5000F58BF11F5000F15D4884266
:108940007047894270471CF5000F04D5BCF5000F35
:10895000F7D5814270474FF0807C1CEB400F38BF49
:108960001CEB410F01D28142704710B500F089F82D
:10897000922449004FF000504FF08051FFF7B6BEEF
:108980004FF47F0C1CEAD0121EBF1CEAD11392EAEE
:108990000C0F93EA0C0F00F0478090EA010F48BFDC
:1089A00042F480724FF0004C4CEA00204CEA012166
:1089B00002EB0302A0FB0113A2F50002002918BF7D
:1089C00043F001035B0028BF4FEA330342EB22422E
:1089D0005FEA132C4CEBC2502EBFBCEB436FB2F5D9
:1089E0007C0F70474FEA036CBCF1004F08BF20F0CA
:1089F0000100B2F57C0F38BF70470BD582F0FF0243
:108A000012F5803FC8BF704700F1C040D8BF00F0EA
:108A10000040704700F5000C5FEA4C0C48BF7047FF
:108A2000B0F1C04000F073B890EA010F0CEAD11326
:108A300048BF42F48072624538BF634504D280EA81
:108A4000010000F00040704710B500F01AF800BFB8
:108A50008900013E00F007B800F009B85FEA410C58
:108A60005FEA1C6C08D080EA010000F050B85FEAB1
:108A7000400C5FEA1C6CF6D14FF00040A0F580007E
:108A800070470EF1020E2EF0030E5EF8044B2442E6
:108A900004D44FEA4102B2F17F4F11D84FEA4003AC
:108AA000B3F17F4F0CD80ED14FEAD07CB2F17F4F9B
:108AB0000CEB4C0C0CF1020C08BF4CEBD17C04E02D
:108AC0004FF0080C01E04FEAD17C0CEB4C0324FA88
:108AD00003F404F00704B4F1040C06D20EEB840C8A
:108AE000BDE810404CF0010C6047DFE80CF00708CF
:108AF00002024FF00040A0F5800010BD0846420081
:108B000018BFD2F1807288BF00F0004010BDFF2175
:108B100041EAD050C005704751EA000C00F11380C3
:108B20001CF5000F58BFBCF5000F01D481427047FF
:108B300007D711F5000F58BF10F5000F15D481426B
:108B40007047894270471CF5000F04D5BCF5000F33
:108B5000F7D5884270474FF0807C1CEB410F38BF3F
:108B60001CEB400F01D28842704780EA010081EA85
:108B7000000180EA0100FFF7F8BE80F0004090EAB3
:108B8000010F7FF552AD81F0004100F090B8000078
:108B90004FEAD051002988BFD1F1FF0240F2758021
:108BA00001F17D014FEA002070B5490840F0004016
:108BB00038BF40080EA2430E040CD25C02FB02F345
:108BC00004FB03F3C3F14043A3FB0254ED0D45EA5C
:108BD000442202FB02F3A0FB03546D42C4F1404463
:108BE00038BF641EA2FB05350023E2FB0453EA0BE9
:108BF00042EA4342A0FB023212F14004A2F12103F7
:108C0000E40903F07F031F2B32D904EBC15070BD80
:108C1000FEFAF7F3F0ECE9E6E4E1DEDCD9D7D4D2F2
:108C2000D0CECCCAC8C6C4C2C1BFBDBCBAB9B7B623
:108C3000B4B3B2B0AFAEACABAAA9A8A7A6A4A3A286
:108C4000A1A09F9E9E9D9C9B9A999897979695947C
:108C50009393929190908F8E8E8D8C8C8B8A8A8933
:108C600089888787868685848483838282818180C0
:108C700004FB04F6B6EB004603D5E64248BF641C8D
:108C8000C3E7A64258BF641CBFE711F0FF0F02D133
:108C900000F00040704710B5FFF7F3FE7FDBFFBE2A
:108CA00090EA010F48BF81F000413FF5BEAC421A87
:108CB00004D882F00042A0EB020011444FEAD052E7
:108CC0004FF07F4C1CEA410FA2EBD15318BF9CEA36
:108CD000026F4AD04FF0004C4CEA00204CEA0121D0
:108CE00021FA03FCB0EB0C0C0FD412F0FE0F36D0BF
:108CF0005FEA4C001DD5001240EBC25038BF7047F0
:108D00001CF03F0F18BF70470BE0A2F101025FEAB1
:108D10001C2040EBC25038BF70471CF07F0F18BFBB
:108D20007047C3F12003994014BF401E20F001009A
:108D3000704780084FEA122308BF7047B0FA80FCE2
:108D4000A2EB0C02CCF1280C60FA0CF093EA122F83
:108D500004BF00EBC25070474FEAC3707047130A5C
:108D60005FEADC1008BF7047F6E79CEA026F04D0A8
:108D700010EA5C0F08BF0020704710B5FFF781FEB6
:108D800040DFF63E81F0004070474FF00000704732
:108D9000F7F7EBBD0CF00F03092B08BF082000F01C
:108DA00085800A2B0BD0082B18BF704708BF1CF01A
:108DB000400F0AD04FF000004FF0000170471CF048
:108DC000400F18BF4FF0004070471CF0100F08D044
:108DD00020F0704300F07F4242EAD3014FEA437033
:108DE000704700F0604021F07F4242EA000201F04B
:108DF0007F4040EA727070474FF0FF0C4CF4E06C1B
:108E00001CEA11531CBF9CEA030C9445C2BFDA4212
:108E100001EB02517047002B0DD0BCF1000F0FD0B9
:108E2000002A01F00041A4BF41F0E04141F07F6120
:108E30004FF00000704701F000414FF00000704714
:108E400050EA01334FF09B0C18BF4CF0806C7EF45D
:108E50007BAF70474FF0FF0212EAD0521CBF92F076
:108E6000FF038B42C2BFD14200EBC1507047002AC2
:108E70000AD0002B0BD0002900F00040A4BF40F026
:108E8000FE4040F40000704700F00040704743028D
:108E90004FF00B0C18BF4CF0806C7FF421AC704786
:108EA000F7F7FCBFF8F75EBDF8F7ECBE1CF4801FC7
:108EB00011D01CF4E02F03D06FEACC314900704789
:108EC0004FF04050EFF3008222F0704242EA00027D
:108ED00082F3008870474FF00000704794900008BC
:108EE00098900008A8900008949000088C900008C2
:108EF000B890000800000000000000000102030418
:108F00000607080900000000010203040100000038
:108F1000010202030405060708090A0B0C0D0E0FD7
:108F20001010000002400000000000A0000000003F
:108F300005400000000000C8000000000C400000D8
:108F40000000409C00000000194000000020BCBE52
:108F50000000000034400000BFC91B8E0000000468
:108F6000B5400000504BCFD06607E2CF01000000B3
:108F70006C4100003E8251AADFEEA73401000000E0
:108F8000D9420000DCB5A0E23A301F97FFFFFFFF97
:108F9000B4450000FD25A0C8E9A3C14FFFFFFFFFB6
:108FA000FF3F00000000008000000000FF3F0000C5
:108FB00000000080000000005049443A20416E67E4
:108FC0006C65284B703D252E3266204B693D252E61
:108FD0003266204B643D252E32662920537065652C
:108FE00064284B703D252E3266204B693D252E327C
:108FF00066204B643D252E326629205475726E28FA
:109000004B703D252E3266204B693D252E32662061
:109010004B643D252E3266290D0A000053544154FD
:1090200055533A2050697463683D252E32662052AC
:109030006F6C6C3D252E32662053706565643D254E
:109040002E32662044697374616E63653D252E314E
:1090500066636D20456E61626C65643D25642056D3
:109060006973696F6E3D257320596177526174652C
:109070003D252E3466205461726765745F596177AF
:10908000526174653D252E34660D0A004C494E45EB
:10909000000000004F4646004C494E455F54524187
:1090A000434B494E470000004F424A4543545F54EA
:1090B0005241434B494E4700545241434B0000003C
:1090C0001C92000800000020740100002801000824
:1090D0007C920008740100201C0C00008401000830
:1090E000000000000000F07FFFFFFFFFFFFFEF7FA9
:1090F0001C00000043000000F8FFFFFF0C00000010
:109100000E0000000F0000002E0000001001000003
:1091100043000000F8FFFFFF004040404040404057
:10912000404041414141414040404040404040403A
:1091300040404040404040404005020202020202DE
:10914000020202020202020202202020202020202D
:109150002020200202020202020290909090909041
:1091600010101010101010101010101010101010FF
:109170001010101002020202020288888888888873
:10918000080808080808080808080808080808085F
:109190000808080802020202400000000000000067
:1091A00000000000000000000000000000000000BF
:1091B00000000000000000000000000000000000AF
:1091C000000000000000000000000000000000009F
:1091D000000000000000000000000000000000008F
:1091E000000000000000000000000000000000007F
:1091F000000000000000000000000000000000006F
:10920000000000000000000000000000000000005E
:1092100000000000000000000000000001226328A0
:1092200042E7C03FCDCCACC01B61440422C45AC845
:10923000241AFA0C031620C11BFA430422C35A480D
:109240002C1142400D180AD7233C2C6958011EA945
:1092500098B2011344050218200B18B4041C112302
:10926000127A3C0C0140222908B210291029BA298F
:0C927000082280022704299869470000AA
:04000005080000ED02
:00000001FF
